Country Name,Country Code,Indicator Name,Indicator Code,1960,1961,1962,1963,1964,1965,1966,1967,1968,1969,1970,1971,1972,1973,1974,1975,1976,1977,1978,1979,1980,1981,1982,1983,1984,1985,1986,1987,1988,1989,1990,1991,1992,1993,1994,1995,1996,1997,1998,1999,2000,2001,2002,2003,2004,2005,2006,2007,2008,2009,2010,2011,2012,2013,2014,2015,2016,2017
Aruba,ABW,Sex ratio at birth (male births per female births),SP.POP.BRTH.MF,,,1.05,,,,,1.05,,,,,1.05,,,,,1.05,,,,,1.05,,,,,1.05,,,1.05,,1.05,,,,,1.05,,,,,1.05,,,,,1.05,1.05,1.05,1.05,1.05,1.05,1.05,1.05,1.05,1.05,1.05
Afghanistan,AFG,Sex ratio at birth (male births per female births),SP.POP.BRTH.MF,,,1.06,,,,,1.06,,,,,1.06,,,,,1.06,,,,,1.06,,,,,1.06,,,1.06,,1.06,,,,,1.06,,,,,1.06,,,,,1.06,1.06,1.06,1.06,1.06,1.06,1.06,1.06,1.06,1.06,1.06
Angola,AGO,Sex ratio at birth (male births per female births),SP.POP.BRTH.MF,,,1.02,,,,,1.02,,,,,1.02,,,,,1.02,,,,,1.02,,,,,1.02,,,1.02,,1.02,,,,,1.02,,,,,1.02,,,,,1.02,1.022,1.024,1.026,1.028,1.03,1.03,1.03,1.03,1.03,1.03
Albania,ALB,Sex ratio at birth (male births per female births),SP.POP.BRTH.MF,,,1.07,,,,,1.07,,,,,1.07,,,,,1.07,,,,,1.07,,,,,1.07,,,1.07,,1.07,,,,,1.078,,,,,1.078,,,,,1.078,1.078,1.078,1.078,1.078,1.078,1.078,1.078,1.078,1.078,1.078
Andorra,AND,Sex ratio at birth (male births per female births),SP.POP.BRTH.MF,,,,,,,,,,,,,,,,,,,,,,,,,,,,,,,,,,,,,,,,,,,,,,,,,,,,,,,,,,
Arab World,ARB,Sex ratio at birth (male births per female births),SP.POP.BRTH.MF,,,1.051674697,,,,,1.051613875,,,,,1.051416346,,,,,1.05100513,,,,,1.050584226,,,,,1.050823181,,,1.050824466,,1.050944392,,,,,1.050974957,,,,,1.05237972,,,,,1.052190389,1.052262446,1.052357787,1.052546482,1.052649192,1.052731391,1.052546157,1.052320622,1.051820307,1.051537611,
United Arab Emirates,ARE,Sex ratio at birth (male births per female births),SP.POP.BRTH.MF,,,1.045,,,,,1.045,,,,,1.045,,,,,1.045,,,,,1.045,,,,,1.045,,,1.045,,1.045,,,,,1.045,,,,,1.045,,,,,1.045,1.045,1.045,1.045,1.045,1.045,1.045,1.045,1.045,1.045,1.045
Argentina,ARG,Sex ratio at birth (male births per female births),SP.POP.BRTH.MF,,,1.04,,,,,1.04,,,,,1.04,,,,,1.04,,,,,1.04,,,,,1.04,,,1.04,,1.04,,,,,1.04,,,,,1.04,,,,,1.04,1.04,1.04,1.04,1.04,1.04,1.04,1.04,1.04,1.04,1.04
Armenia,ARM,Sex ratio at birth (male births per female births),SP.POP.BRTH.MF,,,1.064,,,,,1.064,,,,,1.057,,,,,1.052,,,,,1.05,,,,,1.058,,,1.069,,1.077,,,,,1.151,,,,,1.173,,,,,1.151,1.148,1.146,1.143,1.141,1.138,1.136,1.134,1.133,1.131,1.129
American Samoa,ASM,Sex ratio at birth (male births per female births),SP.POP.BRTH.MF,,,,,,,,,,,,,,,,,,,,,,,,,,,,,,,,,,,,,,,,,,,,,,,,,,,,,,,,,,
Antigua and Barbuda,ATG,Sex ratio at birth (male births per female births),SP.POP.BRTH.MF,,,1.03,,,,,1.03,,,,,1.03,,,,,1.03,,,,,1.03,,,,,1.03,,,1.03,,1.03,,,,,1.03,,,,,1.03,,,,,1.03,1.03,1.03,1.03,1.03,1.03,1.03,1.03,1.03,1.03,1.03
Australia,AUS,Sex ratio at birth (male births per female births),SP.POP.BRTH.MF,,,1.058,,,,,1.055,,,,,1.053,,,,,1.056,,,,,1.055,,,,,1.054,,,1.055,,1.056,,,,,1.054,,,,,1.055,,,,,1.056,1.056,1.056,1.057,1.057,1.057,1.057,1.056,1.056,1.055,1.055
Austria,AUT,Sex ratio at birth (male births per female births),SP.POP.BRTH.MF,,,1.055,,,,,1.055,,,,,1.055,,,,,1.055,,,,,1.055,,,,,1.055,,,1.055,,1.055,,,,,1.055,,,,,1.055,,,,,1.055,1.055,1.055,1.055,1.055,1.055,1.055,1.055,1.055,1.055,1.055
Azerbaijan,AZE,Sex ratio at birth (male births per female births),SP.POP.BRTH.MF,,,1.062,,,,,1.062,,,,,1.062,,,,,1.062,,,,,1.062,,,,,1.062,,,1.073,,1.08,,,,,1.13,,,,,1.17,,,,,1.166,1.164,1.163,1.161,1.16,1.158,1.151,1.145,1.138,1.132,1.125
Burundi,BDI,Sex ratio at birth (male births per female births),SP.POP.BRTH.MF,,,1.03,,,,,1.03,,,,,1.03,,,,,1.03,,,,,1.03,,,,,1.03,,,1.03,,1.03,,,,,1.03,,,,,1.03,,,,,1.03,1.03,1.03,1.03,1.03,1.03,1.03,1.03,1.03,1.03,1.03
Belgium,BEL,Sex ratio at birth (male births per female births),SP.POP.BRTH.MF,,,1.059,,,,,1.059,,,,,1.058,,,,,1.059,,,,,1.057,,,,,1.058,,,1.054,,1.051,,,,,1.043,,,,,1.05,,,,,1.05,1.05,1.05,1.05,1.05,1.05,1.05,1.05,1.05,1.05,1.05
Benin,BEN,Sex ratio at birth (male births per female births),SP.POP.BRTH.MF,,,1.041,,,,,1.041,,,,,1.041,,,,,1.041,,,,,1.041,,,,,1.041,,,1.041,,1.041,,,,,1.041,,,,,1.041,,,,,1.041,1.041,1.041,1.041,1.041,1.041,1.041,1.041,1.041,1.041,1.041
Burkina Faso,BFA,Sex ratio at birth (male births per female births),SP.POP.BRTH.MF,,,1.046,,,,,1.046,,,,,1.046,,,,,1.046,,,,,1.046,,,,,1.046,,,1.046,,1.046,,,,,1.046,,,,,1.046,,,,,1.046,1.046,1.046,1.046,1.046,1.046,1.046,1.046,1.046,1.046,1.046
Bangladesh,BGD,Sex ratio at birth (male births per female births),SP.POP.BRTH.MF,,,1.049,,,,,1.049,,,,,1.049,,,,,1.049,,,,,1.049,,,,,1.049,,,1.049,,1.049,,,,,1.049,,,,,1.049,,,,,1.049,1.049,1.049,1.049,1.049,1.049,1.049,1.049,1.049,1.049,1.049
Bulgaria,BGR,Sex ratio at birth (male births per female births),SP.POP.BRTH.MF,,,1.058,,,,,1.062,,,,,1.061,,,,,1.061,,,,,1.061,,,,,1.06,,,1.055,,1.052,,,,,1.058,,,,,1.064,,,,,1.057,1.058,1.058,1.059,1.059,1.06,1.06,1.06,1.06,1.06,1.06
Bahrain,BHR,Sex ratio at birth (male births per female births),SP.POP.BRTH.MF,,,1.05,,,,,1.05,,,,,1.05,,,,,1.05,,,,,1.05,,,,,1.048,,,1.046,,1.045,,,,,1.042,,,,,1.04,,,,,1.038,1.037,1.037,1.036,1.036,1.035,1.036,1.036,1.037,1.037,1.038
"Bahamas, The",BHS,Sex ratio at birth (male births per female births),SP.POP.BRTH.MF,,,1.057,,,,,1.057,,,,,1.057,,,,,1.057,,,,,1.057,,,,,1.057,,,1.057,,1.057,,,,,1.057,,,,,1.057,,,,,1.057,1.057,1.057,1.057,1.057,1.057,1.057,1.057,1.057,1.057,1.057
Bosnia and Herzegovina,BIH,Sex ratio at birth (male births per female births),SP.POP.BRTH.MF,,,1.065,,,,,1.065,,,,,1.065,,,,,1.065,,,,,1.065,,,,,1.065,,,1.065,,1.065,,,,,1.065,,,,,1.065,,,,,1.065,1.065,1.065,1.065,1.065,1.065,1.063,1.062,1.06,1.059,1.057
Belarus,BLR,Sex ratio at birth (male births per female births),SP.POP.BRTH.MF,,,1.06,,,,,1.057,,,,,1.056,,,,,1.053,,,,,1.052,,,,,1.06,,,1.063,,1.065,,,,,1.066,,,,,1.061,,,,,1.063,1.063,1.063,1.063,1.063,1.063,1.063,1.062,1.062,1.061,1.061
Belize,BLZ,Sex ratio at birth (male births per female births),SP.POP.BRTH.MF,,,1.03,,,,,1.03,,,,,1.03,,,,,1.03,,,,,1.03,,,,,1.03,,,1.03,,1.03,,,,,1.03,,,,,1.03,,,,,1.03,1.03,1.03,1.03,1.03,1.03,1.03,1.03,1.03,1.03,1.03
Bermuda,BMU,Sex ratio at birth (male births per female births),SP.POP.BRTH.MF,,,,,,,,,,,,,,,,,,,,,,,,,,,,,,,,,,,,,,,,,,,,,,,,,,,,,,,,,,
Bolivia,BOL,Sex ratio at birth (male births per female births),SP.POP.BRTH.MF,,,1.05,,,,,1.05,,,,,1.05,,,,,1.05,,,,,1.05,,,,,1.05,,,1.05,,1.05,,,,,1.05,,,,,1.05,,,,,1.05,1.05,1.05,1.05,1.05,1.05,1.05,1.05,1.05,1.05,1.05
Brazil,BRA,Sex ratio at birth (male births per female births),SP.POP.BRTH.MF,,,1.05,,,,,1.05,,,,,1.05,,,,,1.05,,,,,1.05,,,,,1.05,,,1.05,,1.05,,,,,1.05,,,,,1.05,,,,,1.05,1.05,1.05,1.05,1.05,1.05,1.05,1.05,1.05,1.05,1.05
Barbados,BRB,Sex ratio at birth (male births per female births),SP.POP.BRTH.MF,,,1.036,,,,,1.036,,,,,1.036,,,,,1.036,,,,,1.036,,,,,1.036,,,1.036,,1.036,,,,,1.036,,,,,1.036,,,,,1.036,1.036,1.036,1.036,1.036,1.036,1.036,1.036,1.036,1.036,1.036
Brunei Darussalam,BRN,Sex ratio at birth (male births per female births),SP.POP.BRTH.MF,,,1.055,,,,,1.055,,,,,1.055,,,,,1.055,,,,,1.055,,,,,1.055,,,1.055,,1.055,,,,,1.055,,,,,1.055,,,,,1.055,1.055,1.055,1.055,1.055,1.055,1.055,1.055,1.055,1.055,1.055
Bhutan,BTN,Sex ratio at birth (male births per female births),SP.POP.BRTH.MF,,,1.04,,,,,1.04,,,,,1.04,,,,,1.04,,,,,1.04,,,,,1.04,,,1.04,,1.04,,,,,1.04,,,,,1.04,,,,,1.04,1.04,1.04,1.04,1.04,1.04,1.04,1.04,1.04,1.04,1.04
Botswana,BWA,Sex ratio at birth (male births per female births),SP.POP.BRTH.MF,,,1.03,,,,,1.03,,,,,1.03,,,,,1.03,,,,,1.03,,,,,1.03,,,1.03,,1.03,,,,,1.03,,,,,1.03,,,,,1.03,1.03,1.03,1.03,1.03,1.03,1.03,1.03,1.03,1.03,1.03
Central African Republic,CAF,Sex ratio at birth (male births per female births),SP.POP.BRTH.MF,,,1.03,,,,,1.03,,,,,1.03,,,,,1.03,,,,,1.03,,,,,1.03,,,1.03,,1.03,,,,,1.03,,,,,1.03,,,,,1.03,1.03,1.03,1.03,1.03,1.03,1.03,1.03,1.03,1.03,1.03
Canada,CAN,Sex ratio at birth (male births per female births),SP.POP.BRTH.MF,,,1.055,,,,,1.055,,,,,1.06,,,,,1.056,,,,,1.056,,,,,1.052,,,1.054,,1.056,,,,,1.054,,,,,1.054,,,,,1.053,1.054,1.054,1.055,1.055,1.056,1.056,1.056,1.056,1.056,1.056
Central Europe and the Baltics,CEB,Sex ratio at birth (male births per female births),SP.POP.BRTH.MF,,,1.057138164,,,,,1.057080391,,,,,1.056803822,,,,,1.05695983,,,,,1.056813181,,,,,1.057054385,,,1.056203433,,1.055568722,,,,,1.057390412,,,,,1.057274858,,,,,1.055809983,1.056049893,1.056185094,1.056410105,1.056490916,1.056766895,1.056769294,1.056792453,1.056883102,1.05687389,
Switzerland,CHE,Sex ratio at birth (male births per female births),SP.POP.BRTH.MF,,,1.052,,,,,1.052,,,,,1.052,,,,,1.052,,,,,1.052,,,,,1.052,,,1.052,,1.052,,,,,1.052,,,,,1.052,,,,,1.052,1.052,1.052,1.052,1.052,1.052,1.052,1.052,1.052,1.052,1.052
Channel Islands,CHI,Sex ratio at birth (male births per female births),SP.POP.BRTH.MF,,,1.057,,,,,1.057,,,,,1.057,,,,,1.057,,,,,1.057,,,,,1.057,,,1.057,,1.057,,,,,1.057,,,,,1.057,,,,,1.057,1.057,1.057,1.057,1.057,1.057,1.057,1.057,1.057,1.057,1.057
Chile,CHL,Sex ratio at birth (male births per female births),SP.POP.BRTH.MF,,,1.04,,,,,1.04,,,,,1.04,,,,,1.04,,,,,1.04,,,,,1.04,,,1.04,,1.04,,,,,1.04,,,,,1.04,,,,,1.04,1.04,1.04,1.04,1.04,1.04,1.04,1.04,1.04,1.04,1.04
China,CHN,Sex ratio at birth (male births per female births),SP.POP.BRTH.MF,,,1.07,,,,,1.07,,,,,1.07,,,,,1.07,,,,,1.07,,,,,1.08,,,1.104,,1.12,,,,,1.14,,,,,1.16,,,,,1.17,1.168,1.166,1.164,1.162,1.16,1.158,1.156,1.154,1.152,1.15
Cote d'Ivoire,CIV,Sex ratio at birth (male births per female births),SP.POP.BRTH.MF,,,1.03,,,,,1.03,,,,,1.03,,,,,1.03,,,,,1.03,,,,,1.03,,,1.03,,1.03,,,,,1.03,,,,,1.03,,,,,1.03,1.03,1.03,1.03,1.03,1.03,1.03,1.03,1.03,1.03,1.03
Cameroon,CMR,Sex ratio at birth (male births per female births),SP.POP.BRTH.MF,,,1.03,,,,,1.03,,,,,1.03,,,,,1.03,,,,,1.03,,,,,1.03,,,1.03,,1.03,,,,,1.03,,,,,1.03,,,,,1.03,1.03,1.03,1.03,1.03,1.03,1.03,1.03,1.03,1.03,1.03
"Congo, Dem. Rep.",COD,Sex ratio at birth (male births per female births),SP.POP.BRTH.MF,,,1.03,,,,,1.03,,,,,1.03,,,,,1.03,,,,,1.03,,,,,1.03,,,1.03,,1.03,,,,,1.03,,,,,1.03,,,,,1.03,1.03,1.03,1.03,1.03,1.03,1.03,1.03,1.03,1.03,1.03
"Congo, Rep.",COG,Sex ratio at birth (male births per female births),SP.POP.BRTH.MF,,,1.03,,,,,1.03,,,,,1.03,,,,,1.03,,,,,1.03,,,,,1.03,,,1.03,,1.03,,,,,1.03,,,,,1.03,,,,,1.03,1.03,1.03,1.03,1.03,1.03,1.03,1.03,1.03,1.03,1.03
Colombia,COL,Sex ratio at birth (male births per female births),SP.POP.BRTH.MF,,,1.05,,,,,1.05,,,,,1.05,,,,,1.05,,,,,1.05,,,,,1.05,,,1.05,,1.05,,,,,1.05,,,,,1.05,,,,,1.05,1.05,1.05,1.05,1.05,1.05,1.05,1.05,1.05,1.05,1.05
Comoros,COM,Sex ratio at birth (male births per female births),SP.POP.BRTH.MF,,,1.05,,,,,1.05,,,,,1.05,,,,,1.05,,,,,1.05,,,,,1.05,,,1.05,,1.05,,,,,1.05,,,,,1.05,,,,,1.05,1.05,1.05,1.05,1.05,1.05,1.05,1.05,1.05,1.05,1.05
Cabo Verde,CPV,Sex ratio at birth (male births per female births),SP.POP.BRTH.MF,,,1.03,,,,,1.03,,,,,1.03,,,,,1.03,,,,,1.03,,,,,1.03,,,1.03,,1.03,,,,,1.03,,,,,1.03,,,,,1.03,1.03,1.03,1.03,1.03,1.03,1.03,1.03,1.03,1.03,1.03
Costa Rica,CRI,Sex ratio at birth (male births per female births),SP.POP.BRTH.MF,,,1.05,,,,,1.05,,,,,1.05,,,,,1.05,,,,,1.05,,,,,1.05,,,1.05,,1.05,,,,,1.05,,,,,1.05,,,,,1.05,1.05,1.05,1.05,1.05,1.05,1.05,1.05,1.05,1.05,1.05
Caribbean small states,CSS,Sex ratio at birth (male births per female births),SP.POP.BRTH.MF,,,1.048072278,,,,,1.048491278,,,,,1.048353844,,,,,1.047752902,,,,,1.047584295,,,,,1.047820703,,,1.048130007,,1.048342725,,,,,1.048588559,,,,,1.048449425,,,,,1.048311256,1.048205683,1.048102839,1.048003721,1.047909501,1.047820433,1.047736532,1.047656536,1.047578974,1.04750272,
Cuba,CUB,Sex ratio at birth (male births per female births),SP.POP.BRTH.MF,,,1.057,,,,,1.057,,,,,1.057,,,,,1.057,,,,,1.057,,,,,1.057,,,1.057,,1.057,,,,,1.057,,,,,1.057,,,,,1.057,1.057,1.057,1.057,1.057,1.057,1.057,1.057,1.057,1.057,1.057
Curacao,CUW,Sex ratio at birth (male births per female births),SP.POP.BRTH.MF,,,1.05,,,,,1.05,,,,,1.05,,,,,1.05,,,,,1.05,,,,,1.05,,,1.05,,1.05,,,,,1.05,,,,,1.05,,,,,1.05,1.05,1.05,1.05,1.05,1.05,1.05,1.05,1.05,1.05,1.05
Cayman Islands,CYM,Sex ratio at birth (male births per female births),SP.POP.BRTH.MF,,,,,,,,,,,,,,,,,,,,,,,,,,,,,,,,,,,,,,,,,,,,,,,,,,,,,,,,,,
Cyprus,CYP,Sex ratio at birth (male births per female births),SP.POP.BRTH.MF,,,1.07,,,,,1.07,,,,,1.07,,,,,1.07,,,,,1.07,,,,,1.07,,,1.07,,1.07,,,,,1.07,,,,,1.07,,,,,1.07,1.07,1.07,1.07,1.07,1.07,1.07,1.07,1.07,1.07,1.07
Czech Republic,CZE,Sex ratio at birth (male births per female births),SP.POP.BRTH.MF,,,1.058,,,,,1.058,,,,,1.058,,,,,1.058,,,,,1.058,,,,,1.058,,,1.058,,1.058,,,,,1.058,,,,,1.058,,,,,1.058,1.058,1.058,1.058,1.058,1.058,1.058,1.058,1.058,1.058,1.058
Germany,DEU,Sex ratio at birth (male births per female births),SP.POP.BRTH.MF,,,1.058,,,,,1.058,,,,,1.058,,,,,1.058,,,,,1.058,,,,,1.058,,,1.058,,1.058,,,,,1.058,,,,,1.058,,,,,1.058,1.058,1.058,1.058,1.058,1.058,1.058,1.058,1.058,1.058,1.058
Djibouti,DJI,Sex ratio at birth (male births per female births),SP.POP.BRTH.MF,,,1.039,,,,,1.039,,,,,1.039,,,,,1.039,,,,,1.039,,,,,1.039,,,1.039,,1.039,,,,,1.039,,,,,1.039,,,,,1.039,1.039,1.039,1.039,1.039,1.039,1.039,1.039,1.039,1.039,1.039
Dominica,DMA,Sex ratio at birth (male births per female births),SP.POP.BRTH.MF,,,,,,,,,,,,,,,,,,,,,,,,,,,,,,,,,,,,,,,,,,,,,,,,,,,,,,,,,,
Denmark,DNK,Sex ratio at birth (male births per female births),SP.POP.BRTH.MF,,,1.055,,,,,1.062,,,,,1.056,,,,,1.058,,,,,1.05,,,,,1.06,,,1.057,,1.055,,,,,1.056,,,,,1.052,,,,,1.055,1.055,1.055,1.056,1.056,1.056,1.056,1.056,1.056,1.056,1.056
Dominican Republic,DOM,Sex ratio at birth (male births per female births),SP.POP.BRTH.MF,,,1.05,,,,,1.05,,,,,1.05,,,,,1.05,,,,,1.05,,,,,1.05,,,1.05,,1.05,,,,,1.05,,,,,1.05,,,,,1.05,1.05,1.05,1.05,1.05,1.05,1.05,1.05,1.05,1.05,1.05
Algeria,DZA,Sex ratio at birth (male births per female births),SP.POP.BRTH.MF,,,1.05,,,,,1.05,,,,,1.05,,,,,1.05,,,,,1.05,,,,,1.05,,,1.05,,1.05,,,,,1.05,,,,,1.05,,,,,1.05,1.05,1.05,1.05,1.05,1.05,1.05,1.05,1.05,1.05,1.05
East Asia & Pacific (excluding high income),EAP,Sex ratio at birth (male births per female births),SP.POP.BRTH.MF,,,1.064262782,,,,,1.064104909,,,,,1.063889222,,,,,1.061975349,,,,,1.062949117,,,,,1.069944677,,,1.085754775,,1.094804775,,,,,1.107578587,,,,,1.114562031,,,,,1.121251418,1.120490832,1.119636825,1.118283302,1.117518429,1.117013519,1.115724108,1.11510066,1.113295621,1.112005509,
Early-demographic dividend,EAR,Sex ratio at birth (male births per female births),SP.POP.BRTH.MF,,,1.054083733,,,,,1.054017666,,,,,1.05389582,,,,,1.053786019,,,,,1.05598074,,,,,1.058030903,,,1.063275723,,1.066829722,,,,,1.071780983,,,,,1.076308554,,,,,1.076132733,1.075991118,1.075849732,1.075744653,1.075597949,1.075446932,1.074897394,1.07477958,1.074302359,1.074276159,
East Asia & Pacific,EAS,Sex ratio at birth (male births per female births),SP.POP.BRTH.MF,,,1.063938876,,,,,1.063720229,,,,,1.063487659,,,,,1.06175168,,,,,1.062712727,,,,,1.070494716,,,1.085451259,,1.094011458,,,,,1.10498258,,,,,1.111199778,,,,,1.116934945,1.116238112,1.11551488,1.114202152,1.113511999,1.113041508,1.111993289,1.111466453,1.10973163,1.108600791,
Europe & Central Asia (excluding high income),ECA,Sex ratio at birth (male births per female births),SP.POP.BRTH.MF,,,1.055390843,,,,,1.054019199,,,,,1.052870204,,,,,1.052766883,,,,,1.05243528,,,,,1.054154684,,,1.056736085,,1.058635146,,,,,1.060888241,,,,,1.062235675,,,,,1.062208455,1.062451267,1.062590207,1.063000728,1.063286615,1.063378163,1.062872306,1.062303068,1.061996163,1.0613485,
Europe & Central Asia,ECS,Sex ratio at birth (male births per female births),SP.POP.BRTH.MF,,,1.056467639,,,,,1.055902365,,,,,1.055204094,,,,,1.05506842,,,,,1.054623155,,,,,1.05532043,,,1.056660783,,1.057546271,,,,,1.058722701,,,,,1.059565838,,,,,1.059465777,1.059615454,1.059687248,1.059875677,1.060033815,1.060111535,1.059888986,1.059575126,1.059434411,1.059046136,
Ecuador,ECU,Sex ratio at birth (male births per female births),SP.POP.BRTH.MF,,,1.05,,,,,1.05,,,,,1.05,,,,,1.05,,,,,1.05,,,,,1.05,,,1.05,,1.05,,,,,1.05,,,,,1.05,,,,,1.05,1.05,1.05,1.05,1.05,1.05,1.05,1.05,1.05,1.05,1.05
"Egypt, Arab Rep.",EGY,Sex ratio at birth (male births per female births),SP.POP.BRTH.MF,,,1.06,,,,,1.06,,,,,1.06,,,,,1.06,,,,,1.06,,,,,1.06,,,1.06,,1.06,,,,,1.06,,,,,1.066,,,,,1.066,1.066,1.066,1.066,1.066,1.066,1.065,1.064,1.062,1.061,1.06
Euro area,EMU,Sex ratio at birth (male births per female births),SP.POP.BRTH.MF,,,1.058877382,,,,,1.058777013,,,,,1.058842368,,,,,1.058970956,,,,,1.058706583,,,,,1.058195259,,,1.05789898,,1.057709368,,,,,1.057662279,,,,,1.058022415,,,,,1.057788983,1.057784508,1.057693368,1.057572298,1.057508873,1.057413296,1.057363122,1.057298404,1.057333646,1.057270759,
Eritrea,ERI,Sex ratio at birth (male births per female births),SP.POP.BRTH.MF,,,1.052,,,,,1.052,,,,,1.052,,,,,1.052,,,,,1.052,,,,,1.052,,,1.052,,1.052,,,,,1.052,,,,,1.052,,,,,1.052,1.052,1.052,1.052,1.052,1.052,1.052,1.052,1.052,1.052,1.052
Spain,ESP,Sex ratio at birth (male births per female births),SP.POP.BRTH.MF,,,1.064,,,,,1.064,,,,,1.064,,,,,1.064,,,,,1.064,,,,,1.064,,,1.064,,1.064,,,,,1.064,,,,,1.064,,,,,1.064,1.064,1.064,1.064,1.064,1.064,1.064,1.064,1.064,1.064,1.064
Estonia,EST,Sex ratio at birth (male births per female births),SP.POP.BRTH.MF,,,1.068,,,,,1.052,,,,,1.058,,,,,1.058,,,,,1.052,,,,,1.058,,,1.059,,1.059,,,,,1.066,,,,,1.057,,,,,1.064,1.062,1.059,1.057,1.054,1.052,1.054,1.055,1.057,1.058,1.06
Ethiopia,ETH,Sex ratio at birth (male births per female births),SP.POP.BRTH.MF,,,1.04,,,,,1.04,,,,,1.04,,,,,1.04,,,,,1.04,,,,,1.04,,,1.04,,1.04,,,,,1.04,,,,,1.04,,,,,1.04,1.04,1.04,1.04,1.04,1.04,1.04,1.04,1.04,1.04,1.04
European Union,EUU,Sex ratio at birth (male births per female births),SP.POP.BRTH.MF,,,1.057563809,,,,,1.0577184,,,,,1.057688106,,,,,1.057829091,,,,,1.057462386,,,,,1.057120061,,,1.056671007,,1.056348551,,,,,1.056633757,,,,,1.05704867,,,,,1.056627381,1.056648767,1.056585239,1.056530675,1.056461402,1.056418179,1.056406264,1.056398696,1.056433156,1.056413675,
Fragile and conflict affected situations,FCS,Sex ratio at birth (male births per female births),SP.POP.BRTH.MF,,,1.04050012,,,,,1.040644889,,,,,1.040622802,,,,,1.040138093,,,,,1.039865254,,,,,1.03967292,,,1.039777907,,1.039887579,,,,,1.040111564,,,,,1.040096331,,,,,1.040043706,1.040012201,1.039979389,1.039951727,1.039913963,1.039875632,1.039835524,1.039795009,1.039753801,1.039711942,
Finland,FIN,Sex ratio at birth (male births per female births),SP.POP.BRTH.MF,,,1.048,,,,,1.047,,,,,1.052,,,,,1.05,,,,,1.048,,,,,1.047,,,1.043,,1.04,,,,,1.045,,,,,1.05,,,,,1.044,1.045,1.045,1.046,1.046,1.047,1.047,1.047,1.047,1.047,1.047
Fiji,FJI,Sex ratio at birth (male births per female births),SP.POP.BRTH.MF,,,1.06,,,,,1.06,,,,,1.06,,,,,1.06,,,,,1.06,,,,,1.06,,,1.06,,1.06,,,,,1.06,,,,,1.06,,,,,1.06,1.06,1.06,1.06,1.06,1.06,1.06,1.06,1.06,1.06,1.06
France,FRA,Sex ratio at birth (male births per female births),SP.POP.BRTH.MF,,,1.052,,,,,1.052,,,,,1.052,,,,,1.052,,,,,1.052,,,,,1.052,,,1.052,,1.052,,,,,1.052,,,,,1.052,,,,,1.052,1.052,1.052,1.052,1.052,1.052,1.052,1.052,1.052,1.052,1.052
Faroe Islands,FRO,Sex ratio at birth (male births per female births),SP.POP.BRTH.MF,,,,,,,,,,,,,,,,,,,,,,,,,,,,,,,,,,,,,,,,,,,,,,,,,,,,,,,,,,
"Micronesia, Fed. Sts.",FSM,Sex ratio at birth (male births per female births),SP.POP.BRTH.MF,,,1.07,,,,,1.07,,,,,1.07,,,,,1.07,,,,,1.07,,,,,1.07,,,1.07,,1.07,,,,,1.07,,,,,1.07,,,,,1.07,1.07,1.07,1.07,1.07,1.07,1.068,1.066,1.064,1.062,1.06
Gabon,GAB,Sex ratio at birth (male births per female births),SP.POP.BRTH.MF,,,1.03,,,,,1.03,,,,,1.03,,,,,1.03,,,,,1.03,,,,,1.03,,,1.03,,1.03,,,,,1.03,,,,,1.03,,,,,1.03,1.03,1.03,1.03,1.03,1.03,1.03,1.03,1.03,1.03,1.03
United Kingdom,GBR,Sex ratio at birth (male births per female births),SP.POP.BRTH.MF,,,1.051,,,,,1.051,,,,,1.051,,,,,1.051,,,,,1.051,,,,,1.051,,,1.051,,1.051,,,,,1.051,,,,,1.051,,,,,1.051,1.051,1.051,1.051,1.051,1.051,1.051,1.051,1.051,1.051,1.051
Georgia,GEO,Sex ratio at birth (male births per female births),SP.POP.BRTH.MF,,,1.06,,,,,1.06,,,,,1.06,,,,,1.06,,,,,1.06,,,,,1.076,,,1.076,,1.076,,,,,1.111,,,,,1.11,,,,,1.11,1.105,1.1,1.095,1.09,1.085,1.084,1.083,1.082,1.081,1.08
Ghana,GHA,Sex ratio at birth (male births per female births),SP.POP.BRTH.MF,,,1.053,,,,,1.053,,,,,1.053,,,,,1.053,,,,,1.053,,,,,1.053,,,1.053,,1.053,,,,,1.053,,,,,1.053,,,,,1.053,1.053,1.053,1.053,1.053,1.053,1.053,1.053,1.053,1.053,1.053
Gibraltar,GIB,Sex ratio at birth (male births per female births),SP.POP.BRTH.MF,,,,,,,,,,,,,,,,,,,,,,,,,,,,,,,,,,,,,,,,,,,,,,,,,,,,,,,,,,
Guinea,GIN,Sex ratio at birth (male births per female births),SP.POP.BRTH.MF,,,1.024,,,,,1.024,,,,,1.024,,,,,1.024,,,,,1.024,,,,,1.024,,,1.024,,1.024,,,,,1.024,,,,,1.024,,,,,1.024,1.024,1.024,1.024,1.024,1.024,1.024,1.024,1.024,1.024,1.024
"Gambia, The",GMB,Sex ratio at birth (male births per female births),SP.POP.BRTH.MF,,,1.03,,,,,1.03,,,,,1.03,,,,,1.03,,,,,1.03,,,,,1.03,,,1.03,,1.03,,,,,1.03,,,,,1.03,,,,,1.03,1.03,1.03,1.03,1.03,1.03,1.03,1.03,1.03,1.03,1.03
Guinea-Bissau,GNB,Sex ratio at birth (male births per female births),SP.POP.BRTH.MF,,,1.03,,,,,1.03,,,,,1.03,,,,,1.03,,,,,1.03,,,,,1.03,,,1.03,,1.03,,,,,1.03,,,,,1.03,,,,,1.03,1.03,1.03,1.03,1.03,1.03,1.03,1.03,1.03,1.03,1.03
Equatorial Guinea,GNQ,Sex ratio at birth (male births per female births),SP.POP.BRTH.MF,,,1.03,,,,,1.03,,,,,1.03,,,,,1.03,,,,,1.03,,,,,1.03,,,1.03,,1.03,,,,,1.03,,,,,1.03,,,,,1.03,1.03,1.03,1.03,1.03,1.03,1.03,1.03,1.03,1.03,1.03
Greece,GRC,Sex ratio at birth (male births per female births),SP.POP.BRTH.MF,,,1.068,,,,,1.069,,,,,1.069,,,,,1.071,,,,,1.076,,,,,1.067,,,1.067,,1.067,,,,,1.062,,,,,1.066,,,,,1.068,1.067,1.066,1.064,1.063,1.062,1.063,1.063,1.064,1.064,1.065
Grenada,GRD,Sex ratio at birth (male births per female births),SP.POP.BRTH.MF,,,1.05,,,,,1.05,,,,,1.05,,,,,1.05,,,,,1.05,,,,,1.05,,,1.05,,1.05,,,,,1.05,,,,,1.05,,,,,1.05,1.05,1.05,1.05,1.05,1.05,1.05,1.05,1.05,1.05,1.05
Greenland,GRL,Sex ratio at birth (male births per female births),SP.POP.BRTH.MF,,,,,,,,,,,,,,,,,,,,,,,,,,,,,,,,,,,,,,,,,,,,,,,,,,,,,,,,,,
Guatemala,GTM,Sex ratio at birth (male births per female births),SP.POP.BRTH.MF,,,1.05,,,,,1.05,,,,,1.05,,,,,1.05,,,,,1.05,,,,,1.05,,,1.05,,1.05,,,,,1.05,,,,,1.05,,,,,1.05,1.05,1.05,1.05,1.05,1.05,1.05,1.05,1.05,1.05,1.05
Guam,GUM,Sex ratio at birth (male births per female births),SP.POP.BRTH.MF,,,1.058,,,,,1.058,,,,,1.058,,,,,1.058,,,,,1.058,,,,,1.058,,,1.058,,1.058,,,,,1.058,,,,,1.058,,,,,1.058,1.058,1.058,1.058,1.058,1.058,1.058,1.058,1.058,1.058,1.058
Guyana,GUY,Sex ratio at birth (male births per female births),SP.POP.BRTH.MF,,,1.05,,,,,1.05,,,,,1.05,,,,,1.05,,,,,1.05,,,,,1.05,,,1.05,,1.05,,,,,1.05,,,,,1.05,,,,,1.05,1.05,1.05,1.05,1.05,1.05,1.05,1.05,1.05,1.05,1.05
High income,HIC,Sex ratio at birth (male births per female births),SP.POP.BRTH.MF,,,1.055010145,,,,,1.055433512,,,,,1.055438665,,,,,1.054790235,,,,,1.054112086,,,,,1.056469812,,,1.056443018,,1.057155124,,,,,1.05470791,,,,,1.053808356,,,,,1.052431198,1.052435932,1.052346852,1.052334048,1.052358693,1.052420008,1.052166763,1.052127743,1.052096867,1.051960261,
"Hong Kong SAR, China",HKG,Sex ratio at birth (male births per female births),SP.POP.BRTH.MF,,,1.067,,,,,1.067,,,,,1.067,,,,,1.067,,,,,1.067,,,,,1.067,,,1.067,,1.067,,,,,1.067,,,,,1.067,,,,,1.067,1.067,1.067,1.067,1.067,1.067,1.067,1.067,1.067,1.067,1.067
Honduras,HND,Sex ratio at birth (male births per female births),SP.POP.BRTH.MF,,,1.05,,,,,1.05,,,,,1.05,,,,,1.05,,,,,1.05,,,,,1.05,,,1.05,,1.05,,,,,1.05,,,,,1.05,,,,,1.05,1.05,1.05,1.05,1.05,1.05,1.05,1.05,1.05,1.05,1.05
Heavily indebted poor countries (HIPC),HPC,Sex ratio at birth (male births per female births),SP.POP.BRTH.MF,,,1.036804372,,,,,1.036721431,,,,,1.036581308,,,,,1.036405422,,,,,1.036107902,,,,,1.035719866,,,1.035606392,,1.035717809,,,,,1.035925907,,,,,1.035974407,,,,,1.036136067,1.036164857,1.036210139,1.036244783,1.036298675,1.036341114,1.036330647,1.036320506,1.036323448,1.036311241,
Croatia,HRV,Sex ratio at birth (male births per female births),SP.POP.BRTH.MF,,,1.059,,,,,1.059,,,,,1.059,,,,,1.059,,,,,1.059,,,,,1.059,,,1.059,,1.059,,,,,1.059,,,,,1.059,,,,,1.059,1.059,1.059,1.059,1.059,1.059,1.059,1.059,1.059,1.059,1.059
Haiti,HTI,Sex ratio at birth (male births per female births),SP.POP.BRTH.MF,,,1.05,,,,,1.05,,,,,1.05,,,,,1.05,,,,,1.05,,,,,1.05,,,1.05,,1.05,,,,,1.05,,,,,1.05,,,,,1.05,1.05,1.05,1.05,1.05,1.05,1.05,1.05,1.05,1.05,1.05
Hungary,HUN,Sex ratio at birth (male births per female births),SP.POP.BRTH.MF,,,1.06,,,,,1.06,,,,,1.06,,,,,1.06,,,,,1.06,,,,,1.06,,,1.056,,1.053,,,,,1.06,,,,,1.06,,,,,1.054,1.055,1.056,1.057,1.058,1.059,1.059,1.059,1.06,1.06,1.06
IBRD only,IBD,Sex ratio at birth (male births per female births),SP.POP.BRTH.MF,,,1.059862365,,,,,1.059691634,,,,,1.059448823,,,,,1.058057364,,,,,1.060093655,,,,,1.064880772,,,1.07535552,,1.081541568,,,,,1.089968216,,,,,1.0949535,,,,,1.097388829,1.096929955,1.096484711,1.095804503,1.095455876,1.095179054,1.094220021,1.09395231,1.092761081,1.092238224,
IDA & IBRD total,IBT,Sex ratio at birth (male births per female births),SP.POP.BRTH.MF,,,1.056814195,,,,,1.056505577,,,,,1.05609042,,,,,1.054553275,,,,,1.056040184,,,,,1.059338307,,,1.066618821,,1.070562701,,,,,1.076044034,,,,,1.078585428,,,,,1.078940881,1.078557688,1.078156541,1.07760333,1.07726965,1.077030298,1.07628466,1.076037506,1.075106584,1.074618552,
IDA total,IDA,Sex ratio at birth (male births per female births),SP.POP.BRTH.MF,,,1.04480693,,,,,1.04477572,,,,,1.044642279,,,,,1.044466752,,,,,1.044546594,,,,,1.044336913,,,1.044618762,,1.044844628,,,,,1.046654752,,,,,1.047921491,,,,,1.0469158,1.047022261,1.047114351,1.047300675,1.047356682,1.047403677,1.047412693,1.047396484,1.047360157,1.047283965,
IDA blend,IDB,Sex ratio at birth (male births per female births),SP.POP.BRTH.MF,,,1.05559571,,,,,1.055444646,,,,,1.055274924,,,,,1.054830819,,,,,1.054848177,,,,,1.054960821,,,1.055704576,,1.056178324,,,,,1.061099204,,,,,1.065883903,,,,,1.062494446,1.062665593,1.062823584,1.063261538,1.063383337,1.063502257,1.063554059,1.063569996,1.063548323,1.063482231,
Indonesia,IDN,Sex ratio at birth (male births per female births),SP.POP.BRTH.MF,,,1.05,,,,,1.05,,,,,1.05,,,,,1.05,,,,,1.05,,,,,1.05,,,1.05,,1.05,,,,,1.05,,,,,1.05,,,,,1.05,1.05,1.05,1.05,1.05,1.05,1.05,1.05,1.05,1.05,1.05
IDA only,IDX,Sex ratio at birth (male births per female births),SP.POP.BRTH.MF,,,1.039969111,,,,,1.040027589,,,,,1.039857743,,,,,1.039645513,,,,,1.039597796,,,,,1.039039532,,,1.039094257,,1.039236482,,,,,1.039703254,,,,,1.039388681,,,,,1.039259185,1.039251145,1.039250468,1.039261722,1.039253768,1.039239938,1.0391835,1.03913196,1.039090132,1.039034158,
Isle of Man,IMN,Sex ratio at birth (male births per female births),SP.POP.BRTH.MF,,,,,,,,,,,,,,,,,,,,,,,,,,,,,,,,,,,,,,,,,,,,,,,,,,,,,,,,,,
India,IND,Sex ratio at birth (male births per female births),SP.POP.BRTH.MF,,,1.06,,,,,1.06,,,,,1.06,,,,,1.06,,,,,1.065,,,,,1.07,,,1.082,,1.09,,,,,1.099,,,,,1.107,,,,,1.109,1.109,1.109,1.109,1.109,1.109,1.108,1.108,1.107,1.107,1.106
Not classified,INX,Sex ratio at birth (male births per female births),SP.POP.BRTH.MF,,,,,,,,,,,,,,,,,,,,,,,,,,,,,,,,,,,,,,,,,,,,,,,,,,,,,,,,,,
Ireland,IRL,Sex ratio at birth (male births per female births),SP.POP.BRTH.MF,,,1.07,,,,,1.07,,,,,1.07,,,,,1.07,,,,,1.07,,,,,1.07,,,1.07,,1.07,,,,,1.07,,,,,1.07,,,,,1.06,1.06,1.06,1.06,1.06,1.06,1.06,1.06,1.06,1.06,1.06
"Iran, Islamic Rep.",IRN,Sex ratio at birth (male births per female births),SP.POP.BRTH.MF,,,1.05,,,,,1.05,,,,,1.05,,,,,1.05,,,,,1.05,,,,,1.05,,,1.05,,1.05,,,,,1.04,,,,,1.043,,,,,1.05,1.05,1.051,1.051,1.052,1.052,1.052,1.052,1.052,1.052,1.052
Iraq,IRQ,Sex ratio at birth (male births per female births),SP.POP.BRTH.MF,,,1.065,,,,,1.065,,,,,1.065,,,,,1.065,,,,,1.065,,,,,1.065,,,1.065,,1.065,,,,,1.065,,,,,1.065,,,,,1.065,1.065,1.065,1.065,1.065,1.065,1.065,1.065,1.065,1.065,1.065
Iceland,ISL,Sex ratio at birth (male births per female births),SP.POP.BRTH.MF,,,1.045,,,,,1.053,,,,,1.066,,,,,1.053,,,,,1.054,,,,,1.057,,,1.058,,1.058,,,,,1.042,,,,,1.043,,,,,1.05,1.051,1.051,1.052,1.052,1.053,1.053,1.053,1.053,1.053,1.053
Israel,ISR,Sex ratio at birth (male births per female births),SP.POP.BRTH.MF,,,1.063,,,,,1.061,,,,,1.055,,,,,1.053,,,,,1.056,,,,,1.051,,,1.054,,1.056,,,,,1.058,,,,,1.054,,,,,1.053,1.053,1.054,1.054,1.055,1.055,1.055,1.054,1.054,1.053,1.053
Italy,ITA,Sex ratio at birth (male births per female births),SP.POP.BRTH.MF,,,1.063,,,,,1.063,,,,,1.063,,,,,1.063,,,,,1.063,,,,,1.063,,,1.063,,1.063,,,,,1.063,,,,,1.063,,,,,1.063,1.063,1.063,1.063,1.063,1.063,1.063,1.063,1.063,1.063,1.063
Jamaica,JAM,Sex ratio at birth (male births per female births),SP.POP.BRTH.MF,,,1.05,,,,,1.05,,,,,1.05,,,,,1.05,,,,,1.05,,,,,1.05,,,1.05,,1.05,,,,,1.05,,,,,1.05,,,,,1.05,1.05,1.05,1.05,1.05,1.05,1.05,1.05,1.05,1.05,1.05
Jordan,JOR,Sex ratio at birth (male births per female births),SP.POP.BRTH.MF,,,1.054,,,,,1.054,,,,,1.054,,,,,1.054,,,,,1.054,,,,,1.054,,,1.054,,1.054,,,,,1.054,,,,,1.054,,,,,1.054,1.054,1.054,1.054,1.054,1.054,1.054,1.054,1.054,1.054,1.054
Japan,JPN,Sex ratio at birth (male births per female births),SP.POP.BRTH.MF,,,1.056,,,,,1.056,,,,,1.056,,,,,1.056,,,,,1.056,,,,,1.056,,,1.056,,1.056,,,,,1.056,,,,,1.056,,,,,1.056,1.056,1.056,1.056,1.056,1.056,1.056,1.056,1.056,1.056,1.056
Kazakhstan,KAZ,Sex ratio at birth (male births per female births),SP.POP.BRTH.MF,,,1.065,,,,,1.065,,,,,1.065,,,,,1.065,,,,,1.065,,,,,1.06,,,1.06,,1.06,,,,,1.063,,,,,1.057,,,,,1.06,1.06,1.06,1.061,1.061,1.061,1.061,1.061,1.06,1.06,1.06
Kenya,KEN,Sex ratio at birth (male births per female births),SP.POP.BRTH.MF,,,1.03,,,,,1.03,,,,,1.03,,,,,1.03,,,,,1.03,,,,,1.03,,,1.03,,1.03,,,,,1.03,,,,,1.03,,,,,1.03,1.03,1.03,1.03,1.03,1.03,1.03,1.03,1.03,1.03,1.03
Kyrgyz Republic,KGZ,Sex ratio at birth (male births per female births),SP.POP.BRTH.MF,,,1.056,,,,,1.056,,,,,1.056,,,,,1.056,,,,,1.056,,,,,1.051,,,1.053,,1.054,,,,,1.065,,,,,1.05,,,,,1.06,1.06,1.059,1.059,1.058,1.058,1.058,1.058,1.058,1.058,1.058
Cambodia,KHM,Sex ratio at birth (male births per female births),SP.POP.BRTH.MF,,,1.041,,,,,1.043,,,,,1.041,,,,,1.04,,,,,1.049,,,,,1.035,,,1.036,,1.036,,,,,1.037,,,,,1.034,,,,,1.064,1.061,1.058,1.055,1.052,1.049,1.049,1.049,1.049,1.049,1.049
Kiribati,KIR,Sex ratio at birth (male births per female births),SP.POP.BRTH.MF,,,1.05,,,,,1.05,,,,,1.05,,,,,1.05,,,,,1.07,,,,,1.07,,,1.07,,1.07,,,,,1.07,,,,,1.07,,,,,1.07,1.07,1.07,1.07,1.07,1.07,1.068,1.066,1.064,1.062,1.06
St. Kitts and Nevis,KNA,Sex ratio at birth (male births per female births),SP.POP.BRTH.MF,,,,,,,,,,,,,,,,,,,,,,,,,,,,,,,,,,,,,,,,,,,,,,,,,,,,,,,,,,
"Korea, Rep.",KOR,Sex ratio at birth (male births per female births),SP.POP.BRTH.MF,,,1.07,,,,,1.07,,,,,1.07,,,,,1.07,,,,,1.07,,,,,1.14,,,1.14,,1.14,,,,,1.1,,,,,1.1,,,,,1.07,1.07,1.07,1.07,1.07,1.07,1.07,1.07,1.07,1.07,1.07
Kuwait,KWT,Sex ratio at birth (male births per female births),SP.POP.BRTH.MF,,,1.038,,,,,1.04,,,,,1.04,,,,,1.04,,,,,1.04,,,,,1.04,,,1.04,,1.04,,,,,1.042,,,,,1.045,,,,,1.045,1.045,1.045,1.045,1.045,1.045,1.045,1.045,1.045,1.045,1.045
Latin America & Caribbean (excluding high income),LAC,Sex ratio at birth (male births per female births),SP.POP.BRTH.MF,,,1.050228792,,,,,1.050224109,,,,,1.050187928,,,,,1.050128491,,,,,1.050111679,,,,,1.050122485,,,1.050122719,,1.050118737,,,,,1.050109217,,,,,1.050101544,,,,,1.050097247,1.05009607,1.050095152,1.050094434,1.050093783,1.050093107,1.050092272,1.050091207,1.050089888,1.050088367,
Lao PDR,LAO,Sex ratio at birth (male births per female births),SP.POP.BRTH.MF,,,1.05,,,,,1.05,,,,,1.05,,,,,1.05,,,,,1.05,,,,,1.05,,,1.05,,1.05,,,,,1.05,,,,,1.05,,,,,1.05,1.05,1.05,1.05,1.05,1.05,1.05,1.05,1.05,1.05,1.05
Lebanon,LBN,Sex ratio at birth (male births per female births),SP.POP.BRTH.MF,,,1.05,,,,,1.05,,,,,1.05,,,,,1.05,,,,,1.05,,,,,1.05,,,1.05,,1.05,,,,,1.05,,,,,1.05,,,,,1.05,1.05,1.05,1.05,1.05,1.05,1.05,1.05,1.05,1.05,1.05
Liberia,LBR,Sex ratio at birth (male births per female births),SP.POP.BRTH.MF,,,1.054,,,,,1.054,,,,,1.054,,,,,1.054,,,,,1.054,,,,,1.054,,,1.054,,1.054,,,,,1.054,,,,,1.054,,,,,1.054,1.054,1.054,1.054,1.054,1.054,1.054,1.054,1.054,1.054,1.054
Libya,LBY,Sex ratio at birth (male births per female births),SP.POP.BRTH.MF,,,1.054,,,,,1.054,,,,,1.054,,,,,1.054,,,,,1.054,,,,,1.054,,,1.056,,1.058,,,,,1.061,,,,,1.062,,,,,1.059,1.059,1.059,1.06,1.06,1.06,1.06,1.06,1.06,1.06,1.06
St. Lucia,LCA,Sex ratio at birth (male births per female births),SP.POP.BRTH.MF,,,1.03,,,,,1.03,,,,,1.03,,,,,1.03,,,,,1.03,,,,,1.03,,,1.03,,1.03,,,,,1.03,,,,,1.03,,,,,1.03,1.03,1.03,1.03,1.03,1.03,1.03,1.03,1.03,1.03,1.03
Latin America & Caribbean,LCN,Sex ratio at birth (male births per female births),SP.POP.BRTH.MF,,,1.049358939,,,,,1.049391476,,,,,1.049358776,,,,,1.04927388,,,,,1.049275435,,,,,1.049272245,,,1.049258795,,1.049255541,,,,,1.049261354,,,,,1.04922746,,,,,1.049178224,1.049171655,1.049166596,1.049162357,1.049159158,1.049155949,1.049152795,1.049149273,1.049144847,1.049140689,
Least developed countries: UN classification,LDC,Sex ratio at birth (male births per female births),SP.POP.BRTH.MF,,,1.038651903,,,,,1.038756363,,,,,1.038592356,,,,,1.038359059,,,,,1.038307083,,,,,1.037713462,,,1.037747082,,1.037890184,,,,,1.038370729,,,,,1.038045009,,,,,1.03779832,1.037850083,1.037916986,1.037998316,1.038077246,1.038150398,1.038104949,1.038062529,1.038033152,1.037991762,
Low income,LIC,Sex ratio at birth (male births per female births),SP.POP.BRTH.MF,,,1.037850767,,,,,1.03780198,,,,,1.037624842,,,,,1.037041908,,,,,1.036783914,,,,,1.036453658,,,1.036624766,,1.036938204,,,,,1.037835174,,,,,1.037725527,,,,,1.037129793,1.037189568,1.037259824,1.037338096,1.037403171,1.037453101,1.037408186,1.037368928,1.037349983,1.037320163,
Liechtenstein,LIE,Sex ratio at birth (male births per female births),SP.POP.BRTH.MF,,,,,,,,,,,,,,,,,,,,,,,,,,,,,,,,,,,,,,,,,,,,,,,,,,,,,,,,,,
Sri Lanka,LKA,Sex ratio at birth (male births per female births),SP.POP.BRTH.MF,,,1.036,,,,,1.035,,,,,1.038,,,,,1.04,,,,,1.045,,,,,1.046,,,1.042,,1.039,,,,,1.044,,,,,1.045,,,,,1.044,1.043,1.042,1.042,1.041,1.04,1.041,1.041,1.042,1.042,1.043
Lower middle income,LMC,Sex ratio at birth (male births per female births),SP.POP.BRTH.MF,,,1.055317246,,,,,1.055148117,,,,,1.055030368,,,,,1.054991503,,,,,1.057413465,,,,,1.059711711,,,1.06542343,,1.069208751,,,,,1.074408198,,,,,1.078753985,,,,,1.078979289,1.078867569,1.078758046,1.078714012,1.078599832,1.078488385,1.077744591,1.077447777,1.076748809,1.076521069,
Low & middle income,LMY,Sex ratio at birth (male births per female births),SP.POP.BRTH.MF,,,1.056944842,,,,,1.056624337,,,,,1.056206141,,,,,1.054672598,,,,,1.056166066,,,,,1.059491264,,,1.066829631,,1.07080543,,,,,1.076308428,,,,,1.078866881,,,,,1.07923726,1.078856733,1.078451578,1.077892929,1.077550105,1.077305785,1.076549745,1.076298875,1.075358353,1.074867358,
Lesotho,LSO,Sex ratio at birth (male births per female births),SP.POP.BRTH.MF,,,1.03,,,,,1.03,,,,,1.03,,,,,1.03,,,,,1.03,,,,,1.03,,,1.03,,1.03,,,,,1.03,,,,,1.03,,,,,1.03,1.03,1.03,1.03,1.03,1.03,1.03,1.03,1.03,1.03,1.03
Late-demographic dividend,LTE,Sex ratio at birth (male births per female births),SP.POP.BRTH.MF,,,1.063471059,,,,,1.063416216,,,,,1.063380231,,,,,1.061484538,,,,,1.06225516,,,,,1.069142295,,,1.084477325,,1.093678194,,,,,1.107488475,,,,,1.116034048,,,,,1.122471108,1.121346268,1.120389854,1.119054773,1.11836261,1.117624042,1.116322309,1.115501713,1.113698148,1.112445904,
Lithuania,LTU,Sex ratio at birth (male births per female births),SP.POP.BRTH.MF,,,1.054,,,,,1.048,,,,,1.044,,,,,1.047,,,,,1.053,,,,,1.058,,,1.056,,1.054,,,,,1.063,,,,,1.057,,,,,1.047,1.048,1.049,1.05,1.051,1.052,1.052,1.052,1.052,1.052,1.052
Luxembourg,LUX,Sex ratio at birth (male births per female births),SP.POP.BRTH.MF,,,1.043,,,,,1.048,,,,,1.04,,,,,1.049,,,,,1.045,,,,,1.052,,,1.049,,1.047,,,,,1.053,,,,,1.049,,,,,1.054,1.052,1.051,1.049,1.048,1.046,1.046,1.046,1.046,1.046,1.046
Latvia,LVA,Sex ratio at birth (male births per female births),SP.POP.BRTH.MF,,,1.067,,,,,1.057,,,,,1.056,,,,,1.058,,,,,1.055,,,,,1.055,,,1.051,,1.049,,,,,1.066,,,,,1.052,,,,,1.041,1.045,1.048,1.052,1.055,1.059,1.058,1.058,1.057,1.057,1.056
"Macao SAR, China",MAC,Sex ratio at birth (male births per female births),SP.POP.BRTH.MF,,,1.05,,,,,1.05,,,,,1.05,,,,,1.05,,,,,1.05,,,,,1.05,,,1.05,,1.05,,,,,1.05,,,,,1.05,,,,,1.05,1.05,1.05,1.05,1.05,1.05,1.05,1.05,1.05,1.05,1.05
St. Martin (French part),MAF,Sex ratio at birth (male births per female births),SP.POP.BRTH.MF,,,,,,,,,,,,,,,,,,,,,,,,,,,,,,,,,,,,,,,,,,,,,,,,,,,,,,,,,,
Morocco,MAR,Sex ratio at birth (male births per female births),SP.POP.BRTH.MF,,,1.05,,,,,1.05,,,,,1.05,,,,,1.05,,,,,1.05,,,,,1.054,,,1.056,,1.058,,,,,1.061,,,,,1.062,,,,,1.059,1.059,1.059,1.06,1.06,1.06,1.06,1.06,1.06,1.06,1.06
Monaco,MCO,Sex ratio at birth (male births per female births),SP.POP.BRTH.MF,,,,,,,,,,,,,,,,,,,,,,,,,,,,,,,,,,,,,,,,,,,,,,,,,,,,,,,,,,
Moldova,MDA,Sex ratio at birth (male births per female births),SP.POP.BRTH.MF,,,1.061,,,,,1.061,,,,,1.061,,,,,1.061,,,,,1.061,,,,,1.061,,,1.059,,1.058,,,,,1.052,,,,,1.063,,,,,1.056,1.057,1.057,1.058,1.058,1.059,1.059,1.059,1.058,1.058,1.058
Madagascar,MDG,Sex ratio at birth (male births per female births),SP.POP.BRTH.MF,,,1.016,,,,,1.016,,,,,1.016,,,,,1.016,,,,,1.016,,,,,1.016,,,1.016,,1.016,,,,,1.016,,,,,1.02,,,,,1.025,1.026,1.027,1.028,1.029,1.03,1.03,1.03,1.03,1.03,1.03
Maldives,MDV,Sex ratio at birth (male births per female births),SP.POP.BRTH.MF,,,1.058,,,,,1.058,,,,,1.058,,,,,1.062,,,,,1.057,,,,,1.053,,,1.071,,1.083,,,,,1.062,,,,,1.057,,,,,1.064,1.067,1.07,1.074,1.077,1.08,1.078,1.077,1.075,1.074,1.072
Middle East & North Africa,MEA,Sex ratio at birth (male births per female births),SP.POP.BRTH.MF,,,1.05289339,,,,,1.052886982,,,,,1.05269285,,,,,1.052419827,,,,,1.052193457,,,,,1.052408129,,,1.052620926,,1.052941381,,,,,1.05175655,,,,,1.054039107,,,,,1.054879829,1.054922106,1.055150136,1.055315874,1.055565326,1.055645763,1.055464943,1.055242036,1.05476446,1.054510077,
Mexico,MEX,Sex ratio at birth (male births per female births),SP.POP.BRTH.MF,,,1.05,,,,,1.05,,,,,1.05,,,,,1.05,,,,,1.05,,,,,1.05,,,1.05,,1.05,,,,,1.05,,,,,1.05,,,,,1.05,1.05,1.05,1.05,1.05,1.05,1.05,1.05,1.05,1.05,1.05
Marshall Islands,MHL,Sex ratio at birth (male births per female births),SP.POP.BRTH.MF,,,,,,,,,,,,,,,,,,,,,,,,,,,,,,,,,,,,,,,,,,,,,,,,,,,,,,,,,,
Middle income,MIC,Sex ratio at birth (male births per female births),SP.POP.BRTH.MF,,,1.05882827,,,,,1.05859263,,,,,1.05828915,,,,,1.05694479,,,,,1.058689275,,,,,1.0626283,,,1.071281251,,1.076187307,,,,,1.083224163,,,,,1.087233326,,,,,1.088506267,1.088133885,1.087743675,1.087186767,1.086861804,1.086626811,1.08581377,1.085581449,1.084568854,1.084100065,
"Macedonia, FYR",MKD,Sex ratio at birth (male births per female births),SP.POP.BRTH.MF,,,1.054,,,,,1.054,,,,,1.054,,,,,1.054,,,,,1.054,,,,,1.054,,,1.054,,1.054,,,,,1.054,,,,,1.054,,,,,1.054,1.054,1.054,1.054,1.054,1.054,1.054,1.054,1.054,1.054,1.054
Mali,MLI,Sex ratio at birth (male births per female births),SP.POP.BRTH.MF,,,1.05,,,,,1.05,,,,,1.05,,,,,1.05,,,,,1.05,,,,,1.05,,,1.05,,1.05,,,,,1.05,,,,,1.05,,,,,1.05,1.05,1.05,1.05,1.05,1.05,1.05,1.05,1.05,1.05,1.05
Malta,MLT,Sex ratio at birth (male births per female births),SP.POP.BRTH.MF,,,1.06,,,,,1.06,,,,,1.06,,,,,1.06,,,,,1.06,,,,,1.06,,,1.06,,1.06,,,,,1.06,,,,,1.06,,,,,1.06,1.06,1.06,1.06,1.06,1.06,1.06,1.06,1.06,1.06,1.06
Myanmar,MMR,Sex ratio at birth (male births per female births),SP.POP.BRTH.MF,,,1.03,,,,,1.03,,,,,1.03,,,,,1.03,,,,,1.03,,,,,1.03,,,1.03,,1.03,,,,,1.03,,,,,1.03,,,,,1.03,1.03,1.03,1.03,1.03,1.03,1.03,1.03,1.03,1.03,1.03
Middle East & North Africa (excluding high income),MNA,Sex ratio at birth (male births per female births),SP.POP.BRTH.MF,,,1.05381751,,,,,1.05393263,,,,,1.053941995,,,,,1.053829137,,,,,1.053737778,,,,,1.054207591,,,1.054466211,,1.054771,,,,,1.053505509,,,,,1.056130984,,,,,1.057076172,1.057101261,1.057306011,1.057462873,1.057696239,1.057771803,1.057560381,1.057335159,1.056810772,1.056565014,
Montenegro,MNE,Sex ratio at birth (male births per female births),SP.POP.BRTH.MF,,,1.08,,,,,1.08,,,,,1.08,,,,,1.08,,,,,1.08,,,,,1.08,,,1.08,,1.08,,,,,1.08,,,,,1.08,,,,,1.08,1.078,1.076,1.074,1.072,1.07,1.068,1.066,1.064,1.062,1.06
Mongolia,MNG,Sex ratio at birth (male births per female births),SP.POP.BRTH.MF,,,1.03,,,,,1.03,,,,,1.03,,,,,1.03,,,,,1.03,,,,,1.03,,,1.03,,1.03,,,,,1.03,,,,,1.03,,,,,1.03,1.03,1.03,1.03,1.03,1.03,1.03,1.03,1.03,1.03,1.03
Northern Mariana Islands,MNP,Sex ratio at birth (male births per female births),SP.POP.BRTH.MF,,,,,,,,,,,,,,,,,,,,,,,,,,,,,,,,,,,,,,,,,,,,,,,,,,,,,,,,,,
Mozambique,MOZ,Sex ratio at birth (male births per female births),SP.POP.BRTH.MF,,,1.03,,,,,1.03,,,,,1.03,,,,,1.03,,,,,1.03,,,,,1.03,,,1.03,,1.03,,,,,1.03,,,,,1.03,,,,,1.03,1.03,1.03,1.03,1.03,1.03,1.03,1.03,1.03,1.03,1.03
Mauritania,MRT,Sex ratio at birth (male births per female births),SP.POP.BRTH.MF,,,1.05,,,,,1.05,,,,,1.05,,,,,1.05,,,,,1.05,,,,,1.05,,,1.05,,1.05,,,,,1.05,,,,,1.05,,,,,1.05,1.05,1.05,1.05,1.05,1.05,1.05,1.05,1.05,1.05,1.05
Mauritius,MUS,Sex ratio at birth (male births per female births),SP.POP.BRTH.MF,,,1.042,,,,,1.042,,,,,1.042,,,,,1.042,,,,,1.042,,,,,1.042,,,1.042,,1.042,,,,,1.042,,,,,1.042,,,,,1.042,1.042,1.042,1.042,1.042,1.042,1.042,1.042,1.042,1.042,1.042
Malawi,MWI,Sex ratio at birth (male births per female births),SP.POP.BRTH.MF,,,1.02,,,,,1.02,,,,,1.02,,,,,1.02,,,,,1.02,,,,,1.02,,,1.02,,1.02,,,,,1.02,,,,,1.02,,,,,1.025,1.026,1.027,1.028,1.029,1.03,1.03,1.03,1.03,1.03,1.03
Malaysia,MYS,Sex ratio at birth (male births per female births),SP.POP.BRTH.MF,,,1.06,,,,,1.06,,,,,1.06,,,,,1.06,,,,,1.06,,,,,1.06,,,1.06,,1.06,,,,,1.06,,,,,1.06,,,,,1.06,1.06,1.06,1.06,1.06,1.06,1.06,1.06,1.06,1.06,1.06
North America,NAC,Sex ratio at birth (male births per female births),SP.POP.BRTH.MF,,,1.050504648,,,,,1.052285141,,,,,1.053675452,,,,,1.052399343,,,,,1.051468196,,,,,1.050182655,,,1.04945454,,1.049656208,,,,,1.048494625,,,,,1.048461552,,,,,1.048393872,1.048486524,1.04850427,1.048600658,1.048609918,1.048704851,1.048706161,1.048703128,1.048708794,1.048711799,
Namibia,NAM,Sex ratio at birth (male births per female births),SP.POP.BRTH.MF,,,1.03,,,,,1.03,,,,,1.03,,,,,1.03,,,,,1.03,,,,,1.03,,,1.03,,1.03,,,,,1.03,,,,,1.03,,,,,1.03,1.03,1.03,1.03,1.03,1.03,1.03,1.03,1.03,1.03,1.03
New Caledonia,NCL,Sex ratio at birth (male births per female births),SP.POP.BRTH.MF,,,1.05,,,,,1.05,,,,,1.05,,,,,1.05,,,,,1.05,,,,,1.05,,,1.05,,1.05,,,,,1.05,,,,,1.05,,,,,1.05,1.05,1.05,1.05,1.05,1.05,1.05,1.05,1.05,1.05,1.05
Niger,NER,Sex ratio at birth (male births per female births),SP.POP.BRTH.MF,,,1.05,,,,,1.05,,,,,1.05,,,,,1.05,,,,,1.05,,,,,1.05,,,1.05,,1.05,,,,,1.05,,,,,1.05,,,,,1.05,1.05,1.05,1.05,1.05,1.05,1.05,1.05,1.05,1.05,1.05
Nigeria,NGA,Sex ratio at birth (male births per female births),SP.POP.BRTH.MF,,,1.059,,,,,1.059,,,,,1.059,,,,,1.059,,,,,1.059,,,,,1.059,,,1.059,,1.059,,,,,1.059,,,,,1.059,,,,,1.059,1.059,1.059,1.059,1.059,1.059,1.059,1.059,1.059,1.059,1.059
Nicaragua,NIC,Sex ratio at birth (male births per female births),SP.POP.BRTH.MF,,,1.05,,,,,1.05,,,,,1.05,,,,,1.05,,,,,1.05,,,,,1.05,,,1.05,,1.05,,,,,1.05,,,,,1.05,,,,,1.05,1.05,1.05,1.05,1.05,1.05,1.05,1.05,1.05,1.05,1.05
Netherlands,NLD,Sex ratio at birth (male births per female births),SP.POP.BRTH.MF,,,1.058,,,,,1.058,,,,,1.058,,,,,1.058,,,,,1.058,,,,,1.058,,,1.058,,1.058,,,,,1.058,,,,,1.058,,,,,1.058,1.057,1.057,1.056,1.056,1.055,1.055,1.054,1.054,1.053,1.053
Norway,NOR,Sex ratio at birth (male births per female births),SP.POP.BRTH.MF,,,1.063,,,,,1.064,,,,,1.054,,,,,1.058,,,,,1.058,,,,,1.053,,,1.058,,1.061,,,,,1.058,,,,,1.051,,,,,1.056,1.056,1.055,1.055,1.054,1.054,1.055,1.056,1.056,1.057,1.058
Nepal,NPL,Sex ratio at birth (male births per female births),SP.POP.BRTH.MF,,,1.045,,,,,1.045,,,,,1.045,,,,,1.045,,,,,1.045,,,,,1.045,,,1.05,,1.054,,,,,1.071,,,,,1.071,,,,,1.054,1.056,1.058,1.061,1.063,1.065,1.065,1.065,1.065,1.065,1.065
Nauru,NRU,Sex ratio at birth (male births per female births),SP.POP.BRTH.MF,,,,,,,,,,,,,,,,,,,,,,,,,,,,,,,,,,,,,,,,,,,,,,,,,,,,,,,,,,
New Zealand,NZL,Sex ratio at birth (male births per female births),SP.POP.BRTH.MF,,,1.056,,,,,1.05,,,,,1.05,,,,,1.052,,,,,1.056,,,,,1.051,,,1.058,,1.063,,,,,1.057,,,,,1.047,,,,,1.056,1.056,1.056,1.056,1.056,1.056,1.056,1.056,1.055,1.055,1.055
OECD members,OED,Sex ratio at birth (male births per female births),SP.POP.BRTH.MF,,,1.054775624,,,,,1.055171801,,,,,1.055187615,,,,,1.054799067,,,,,1.054378104,,,,,1.056229236,,,1.055974421,,1.056442447,,,,,1.054199646,,,,,1.053665889,,,,,1.05265002,1.052701544,1.052680547,1.052771436,1.052747216,1.052758714,1.052682996,1.052645994,1.052649892,1.052570086,
Oman,OMN,Sex ratio at birth (male births per female births),SP.POP.BRTH.MF,,,1.05,,,,,1.05,,,,,1.05,,,,,1.05,,,,,1.05,,,,,1.05,,,1.05,,1.05,,,,,1.05,,,,,1.05,,,,,1.05,1.05,1.05,1.05,1.05,1.05,1.05,1.05,1.05,1.05,1.05
Other small states,OSS,Sex ratio at birth (male births per female births),SP.POP.BRTH.MF,,,1.041209333,,,,,1.039354245,,,,,1.039252169,,,,,1.038702702,,,,,1.038295683,,,,,1.038330978,,,1.038369233,,1.038269689,,,,,1.037259322,,,,,1.036571048,,,,,1.036744739,1.036667828,1.036550906,1.036447618,1.036317169,1.03620274,1.036165447,1.036122325,1.036124078,1.036097196,
Pakistan,PAK,Sex ratio at birth (male births per female births),SP.POP.BRTH.MF,,,1.064,,,,,1.064,,,,,1.064,,,,,1.064,,,,,1.064,,,,,1.064,,,1.064,,1.064,,,,,1.08,,,,,1.096,,,,,1.086,1.086,1.086,1.087,1.087,1.087,1.087,1.087,1.087,1.087,1.087
Panama,PAN,Sex ratio at birth (male births per female births),SP.POP.BRTH.MF,,,1.05,,,,,1.05,,,,,1.05,,,,,1.05,,,,,1.05,,,,,1.05,,,1.05,,1.05,,,,,1.05,,,,,1.05,,,,,1.05,1.05,1.05,1.05,1.05,1.05,1.05,1.05,1.05,1.05,1.05
Peru,PER,Sex ratio at birth (male births per female births),SP.POP.BRTH.MF,,,1.05,,,,,1.05,,,,,1.05,,,,,1.05,,,,,1.05,,,,,1.05,,,1.05,,1.05,,,,,1.05,,,,,1.05,,,,,1.05,1.05,1.05,1.05,1.05,1.05,1.05,1.05,1.05,1.05,1.05
Philippines,PHL,Sex ratio at birth (male births per female births),SP.POP.BRTH.MF,,,1.06,,,,,1.06,,,,,1.06,,,,,1.06,,,,,1.06,,,,,1.06,,,1.06,,1.06,,,,,1.06,,,,,1.06,,,,,1.06,1.06,1.06,1.06,1.06,1.06,1.06,1.06,1.06,1.06,1.06
Palau,PLW,Sex ratio at birth (male births per female births),SP.POP.BRTH.MF,,,,,,,,,,,,,,,,,,,,,,,,,,,,,,,,,,,,,,,,,,,,,,,,,,,,,,,,,,
Papua New Guinea,PNG,Sex ratio at birth (male births per female births),SP.POP.BRTH.MF,,,1.08,,,,,1.08,,,,,1.08,,,,,1.08,,,,,1.08,,,,,1.08,,,1.08,,1.08,,,,,1.08,,,,,1.08,,,,,1.08,1.08,1.08,1.08,1.08,1.08,1.08,1.08,1.08,1.08,1.08
Poland,POL,Sex ratio at birth (male births per female births),SP.POP.BRTH.MF,,,1.056,,,,,1.056,,,,,1.056,,,,,1.056,,,,,1.056,,,,,1.056,,,1.056,,1.056,,,,,1.056,,,,,1.056,,,,,1.056,1.056,1.056,1.056,1.056,1.056,1.056,1.056,1.056,1.056,1.056
Pre-demographic dividend,PRE,Sex ratio at birth (male births per female births),SP.POP.BRTH.MF,,,1.04076756,,,,,1.040727155,,,,,1.040680287,,,,,1.040599595,,,,,1.040355251,,,,,1.039982116,,,1.03985656,,1.039864045,,,,,1.039977305,,,,,1.040141055,,,,,1.040334732,1.040438547,1.040546962,1.040659996,1.040776047,1.040892049,1.040889473,1.040880956,1.040865417,1.040843551,
Puerto Rico,PRI,Sex ratio at birth (male births per female births),SP.POP.BRTH.MF,,,1.053,,,,,1.053,,,,,1.053,,,,,1.053,,,,,1.053,,,,,1.053,,,1.053,,1.053,,,,,1.053,,,,,1.053,,,,,1.053,1.053,1.053,1.053,1.053,1.053,1.053,1.053,1.053,1.053,1.053
"Korea, Dem. People’s Rep.",PRK,Sex ratio at birth (male births per female births),SP.POP.BRTH.MF,,,1.05,,,,,1.05,,,,,1.05,,,,,1.05,,,,,1.05,,,,,1.05,,,1.05,,1.05,,,,,1.05,,,,,1.05,,,,,1.05,1.05,1.05,1.05,1.05,1.05,1.05,1.05,1.05,1.05,1.05
Portugal,PRT,Sex ratio at birth (male births per female births),SP.POP.BRTH.MF,,,1.06,,,,,1.06,,,,,1.06,,,,,1.06,,,,,1.06,,,,,1.06,,,1.06,,1.06,,,,,1.06,,,,,1.06,,,,,1.06,1.06,1.06,1.06,1.06,1.06,1.06,1.06,1.06,1.06,1.06
Paraguay,PRY,Sex ratio at birth (male births per female births),SP.POP.BRTH.MF,,,1.05,,,,,1.05,,,,,1.05,,,,,1.05,,,,,1.05,,,,,1.05,,,1.05,,1.05,,,,,1.05,,,,,1.05,,,,,1.05,1.05,1.05,1.05,1.05,1.05,1.05,1.05,1.05,1.05,1.05
West Bank and Gaza,PSE,Sex ratio at birth (male births per female births),SP.POP.BRTH.MF,,,,,,,,,,,,,,,,,,,,,,,,,,,,,,,1.05,,1.05,,,,,1.05,,,,,1.05,,,,,1.05,1.05,1.05,1.05,1.05,1.05,1.05,1.05,1.05,1.05,1.05
Pacific island small states,PSS,Sex ratio at birth (male births per female births),SP.POP.BRTH.MF,,,1.064176412,,,,,1.064559776,,,,,1.065001349,,,,,1.064877855,,,,,1.065564422,,,,,1.065779639,,,1.065930956,,1.065994031,,,,,1.066207552,,,,,1.066351424,,,,,1.066520608,1.066543826,1.066565752,1.066588702,1.066614275,1.066642173,1.066035686,1.065419022,1.06479142,1.064153257,
Post-demographic dividend,PST,Sex ratio at birth (male births per female births),SP.POP.BRTH.MF,,,1.056594777,,,,,1.057022377,,,,,1.057032927,,,,,1.056544875,,,,,1.056097343,,,,,1.058828372,,,1.058467434,,1.059136872,,,,,1.056439378,,,,,1.055731337,,,,,1.054347733,1.054478079,1.054473325,1.054628769,1.054631502,1.054715011,1.054548294,1.054435626,1.05442962,1.05426551,
French Polynesia,PYF,Sex ratio at birth (male births per female births),SP.POP.BRTH.MF,,,1.05,,,,,1.05,,,,,1.05,,,,,1.05,,,,,1.05,,,,,1.05,,,1.05,,1.05,,,,,1.05,,,,,1.05,,,,,1.05,1.05,1.05,1.05,1.05,1.05,1.05,1.05,1.05,1.05,1.05
Qatar,QAT,Sex ratio at birth (male births per female births),SP.POP.BRTH.MF,,,1.05,,,,,1.05,,,,,1.05,,,,,1.05,,,,,1.05,,,,,1.052,,,1.052,,1.052,,,,,1.05,,,,,1.048,,,,,1.045,1.045,1.045,1.045,1.045,1.045,1.045,1.045,1.045,1.045,1.045
Romania,ROU,Sex ratio at birth (male births per female births),SP.POP.BRTH.MF,,,1.058,,,,,1.058,,,,,1.058,,,,,1.058,,,,,1.058,,,,,1.058,,,1.058,,1.058,,,,,1.058,,,,,1.058,,,,,1.058,1.058,1.058,1.058,1.058,1.058,1.058,1.058,1.058,1.058,1.058
Russian Federation,RUS,Sex ratio at birth (male births per female births),SP.POP.BRTH.MF,,,1.053,,,,,1.05,,,,,1.049,,,,,1.05,,,,,1.049,,,,,1.053,,,1.056,,1.058,,,,,1.06,,,,,1.062,,,,,1.058,1.058,1.058,1.058,1.058,1.058,1.057,1.056,1.056,1.055,1.054
Rwanda,RWA,Sex ratio at birth (male births per female births),SP.POP.BRTH.MF,,,1.01,,,,,1.01,,,,,1.01,,,,,1.01,,,,,1.01,,,,,1.01,,,1.01,,1.01,,,,,1.01,,,,,1.01,,,,,1.01,1.011,1.013,1.014,1.016,1.017,1.018,1.019,1.021,1.022,1.023
South Asia,SAS,Sex ratio at birth (male births per female births),SP.POP.BRTH.MF,,,1.058610471,,,,,1.058554355,,,,,1.058610098,,,,,1.058682868,,,,,1.062513251,,,,,1.066278958,,,1.0751805,,1.081084951,,,,,1.089894646,,,,,1.097645951,,,,,1.097566977,1.097567946,1.097551481,1.09768573,1.097648412,1.097612205,1.096864155,1.096834305,1.096131134,1.096141852,
Saudi Arabia,SAU,Sex ratio at birth (male births per female births),SP.POP.BRTH.MF,,,1.03,,,,,1.03,,,,,1.03,,,,,1.03,,,,,1.03,,,,,1.03,,,1.03,,1.03,,,,,1.03,,,,,1.03,,,,,1.03,1.03,1.03,1.03,1.03,1.03,1.03,1.03,1.03,1.03,1.03
Sudan,SDN,Sex ratio at birth (male births per female births),SP.POP.BRTH.MF,,,1.04,,,,,1.04,,,,,1.04,,,,,1.04,,,,,1.04,,,,,1.04,,,1.04,,1.04,,,,,1.04,,,,,1.04,,,,,1.04,1.04,1.04,1.04,1.04,1.04,1.04,1.04,1.04,1.04,1.04
Senegal,SEN,Sex ratio at birth (male births per female births),SP.POP.BRTH.MF,,,1.036,,,,,1.036,,,,,1.036,,,,,1.036,,,,,1.036,,,,,1.036,,,1.036,,1.036,,,,,1.036,,,,,1.036,,,,,1.036,1.036,1.036,1.036,1.036,1.036,1.036,1.036,1.036,1.036,1.036
Singapore,SGP,Sex ratio at birth (male births per female births),SP.POP.BRTH.MF,,,1.073,,,,,1.073,,,,,1.073,,,,,1.073,,,,,1.073,,,,,1.073,,,1.073,,1.073,,,,,1.073,,,,,1.073,,,,,1.073,1.073,1.073,1.073,1.073,1.073,1.073,1.073,1.073,1.073,1.073
Solomon Islands,SLB,Sex ratio at birth (male births per female births),SP.POP.BRTH.MF,,,1.07,,,,,1.07,,,,,1.07,,,,,1.07,,,,,1.07,,,,,1.07,,,1.07,,1.07,,,,,1.07,,,,,1.07,,,,,1.07,1.07,1.07,1.07,1.07,1.07,1.069,1.068,1.067,1.066,1.065
Sierra Leone,SLE,Sex ratio at birth (male births per female births),SP.POP.BRTH.MF,,,1.018,,,,,1.018,,,,,1.018,,,,,1.018,,,,,1.018,,,,,1.018,,,1.018,,1.018,,,,,1.018,,,,,1.018,,,,,1.018,1.018,1.018,1.018,1.018,1.018,1.018,1.018,1.018,1.018,1.018
El Salvador,SLV,Sex ratio at birth (male births per female births),SP.POP.BRTH.MF,,,1.05,,,,,1.05,,,,,1.05,,,,,1.05,,,,,1.05,,,,,1.05,,,1.05,,1.05,,,,,1.05,,,,,1.05,,,,,1.05,1.05,1.05,1.05,1.05,1.05,1.05,1.05,1.05,1.05,1.05
San Marino,SMR,Sex ratio at birth (male births per female births),SP.POP.BRTH.MF,,,,,,,,,,,,,,,,,,,,,,,,,,,,,,,,,,,,,,,,,,,,,,,,,,,,,,,,,,
Somalia,SOM,Sex ratio at birth (male births per female births),SP.POP.BRTH.MF,,,1.03,,,,,1.03,,,,,1.03,,,,,1.03,,,,,1.03,,,,,1.03,,,1.03,,1.03,,,,,1.03,,,,,1.03,,,,,1.03,1.03,1.03,1.03,1.03,1.03,1.03,1.03,1.03,1.03,1.03
Serbia,SRB,Sex ratio at birth (male births per female births),SP.POP.BRTH.MF,,,,,,,,,,,,,,,,,,,,,,,,,,,,,,,1.052,,1.052,,,,,1.052,,,,,1.052,,,,,1.052,1.052,1.052,1.052,1.052,1.052,1.052,1.052,1.052,1.052,1.052
Sub-Saharan Africa (excluding high income),SSA,Sex ratio at birth (male births per female births),SP.POP.BRTH.MF,,,1.038087055,,,,,1.038007419,,,,,1.037953348,,,,,1.037736148,,,,,1.03767442,,,,,1.037565942,,,1.037544977,,1.037598342,,,,,1.037716735,,,,,1.037850262,,,,,1.038059078,1.038177873,1.038310898,1.038435331,1.038570364,1.0386929,1.038709855,1.038723025,1.038742668,1.038749319,
South Sudan,SSD,Sex ratio at birth (male births per female births),SP.POP.BRTH.MF,,,1.04,,,,,1.04,,,,,1.04,,,,,1.04,,,,,1.04,,,,,1.04,,,1.04,,1.04,,,,,1.04,,,,,1.04,,,,,1.04,1.04,1.04,1.04,1.04,1.04,1.04,1.04,1.04,1.04,1.04
Sub-Saharan Africa,SSF,Sex ratio at birth (male births per female births),SP.POP.BRTH.MF,,,1.038087055,,,,,1.038007419,,,,,1.03795596,,,,,1.037738286,,,,,1.037676251,,,,,1.037567719,,,1.037546575,,1.037599865,,,,,1.037717988,,,,,1.037851387,,,,,1.038060096,1.038178902,1.038311922,1.038436286,1.038571369,1.038693893,1.038710784,1.038723933,1.038743581,1.038750253,
Small states,SST,Sex ratio at birth (male births per female births),SP.POP.BRTH.MF,,,1.044884471,,,,,1.043737153,,,,,1.043410244,,,,,1.042733992,,,,,1.042343484,,,,,1.042180214,,,1.042110703,,1.04203962,,,,,1.041271762,,,,,1.040592798,,,,,1.040507197,1.040380719,1.040226942,1.040081113,1.03991845,1.039768725,1.039646777,1.039520387,1.03943628,1.039331051,
Sao Tome and Principe,STP,Sex ratio at birth (male births per female births),SP.POP.BRTH.MF,,,1.03,,,,,1.03,,,,,1.03,,,,,1.03,,,,,1.03,,,,,1.03,,,1.03,,1.03,,,,,1.03,,,,,1.03,,,,,1.03,1.03,1.03,1.03,1.03,1.03,1.03,1.03,1.03,1.03,1.03
Suriname,SUR,Sex ratio at birth (male births per female births),SP.POP.BRTH.MF,,,1.08,,,,,1.08,,,,,1.08,,,,,1.08,,,,,1.08,,,,,1.08,,,1.08,,1.08,,,,,1.08,,,,,1.08,,,,,1.08,1.079,1.078,1.077,1.076,1.075,1.074,1.073,1.072,1.071,1.07
Slovak Republic,SVK,Sex ratio at birth (male births per female births),SP.POP.BRTH.MF,,,1.05,,,,,1.05,,,,,1.05,,,,,1.05,,,,,1.05,,,,,1.05,,,1.05,,1.05,,,,,1.05,,,,,1.05,,,,,1.05,1.05,1.05,1.05,1.05,1.05,1.05,1.05,1.05,1.05,1.05
Slovenia,SVN,Sex ratio at birth (male births per female births),SP.POP.BRTH.MF,,,1.054,,,,,1.054,,,,,1.054,,,,,1.054,,,,,1.054,,,,,1.054,,,1.054,,1.054,,,,,1.054,,,,,1.054,,,,,1.054,1.054,1.054,1.054,1.054,1.054,1.054,1.054,1.054,1.054,1.054
Sweden,SWE,Sex ratio at birth (male births per female births),SP.POP.BRTH.MF,,,1.059,,,,,1.062,,,,,1.062,,,,,1.058,,,,,1.059,,,,,1.058,,,1.056,,1.054,,,,,1.056,,,,,1.061,,,,,1.06,1.06,1.059,1.059,1.058,1.058,1.058,1.059,1.059,1.06,1.06
Eswatini,SWZ,Sex ratio at birth (male births per female births),SP.POP.BRTH.MF,,,1.03,,,,,1.03,,,,,1.03,,,,,1.03,,,,,1.03,,,,,1.03,,,1.03,,1.03,,,,,1.03,,,,,1.03,,,,,1.03,1.03,1.03,1.03,1.03,1.03,1.03,1.03,1.03,1.03,1.03
Sint Maarten (Dutch part),SXM,Sex ratio at birth (male births per female births),SP.POP.BRTH.MF,,,,,,,,,,,,,,,,,,,,,,,,,,,,,,,,,,,,,,,,,,,,,,,,,,,,,,,,,,
Seychelles,SYC,Sex ratio at birth (male births per female births),SP.POP.BRTH.MF,,,1.06,,,,,1.06,,,,,1.06,,,,,1.06,,,,,1.06,,,,,1.06,,,1.06,,1.06,,,,,1.06,,,,,1.06,,,,,1.06,1.06,1.06,1.06,1.06,1.06,1.06,1.06,1.06,1.06,1.06
Syrian Arab Republic,SYR,Sex ratio at birth (male births per female births),SP.POP.BRTH.MF,,,1.05,,,,,1.05,,,,,1.05,,,,,1.05,,,,,1.05,,,,,1.05,,,1.05,,1.05,,,,,1.05,,,,,1.05,,,,,1.05,1.05,1.05,1.05,1.05,1.05,1.05,1.05,1.05,1.05,1.05
Turks and Caicos Islands,TCA,Sex ratio at birth (male births per female births),SP.POP.BRTH.MF,,,,,,,,,,,,,,,,,,,,,,,,,,,,,,,,,,,,,,,,,,,,,,,,,,,,,,,,,,
Chad,TCD,Sex ratio at birth (male births per female births),SP.POP.BRTH.MF,,,1.03,,,,,1.03,,,,,1.03,,,,,1.03,,,,,1.03,,,,,1.03,,,1.03,,1.03,,,,,1.03,,,,,1.03,,,,,1.03,1.03,1.03,1.03,1.03,1.03,1.03,1.03,1.03,1.03,1.03
East Asia & Pacific (IDA & IBRD countries),TEA,Sex ratio at birth (male births per female births),SP.POP.BRTH.MF,,,1.064434722,,,,,1.064297058,,,,,1.064080539,,,,,1.062128155,,,,,1.063089726,,,,,1.070159358,,,1.08616924,,1.095382842,,,,,1.108350831,,,,,1.115468823,,,,,1.122175901,1.121387857,1.120510495,1.119139705,1.118357443,1.117835405,1.116528663,1.115885745,1.114069791,1.112766756,
Europe & Central Asia (IDA & IBRD countries),TEC,Sex ratio at birth (male births per female births),SP.POP.BRTH.MF,,,1.055472188,,,,,1.054211653,,,,,1.053180749,,,,,1.05310353,,,,,1.052806935,,,,,1.054324956,,,1.056698162,,1.058435073,,,,,1.060515544,,,,,1.061812592,,,,,1.061787978,1.062002992,1.062136284,1.062522131,1.062817659,1.062917239,1.062462125,1.061925689,1.061646132,1.061021244,
Togo,TGO,Sex ratio at birth (male births per female births),SP.POP.BRTH.MF,,,1.018,,,,,1.018,,,,,1.018,,,,,1.018,,,,,1.018,,,,,1.018,,,1.018,,1.018,,,,,1.018,,,,,1.018,,,,,1.018,1.018,1.018,1.018,1.018,1.018,1.018,1.018,1.018,1.018,1.018
Thailand,THA,Sex ratio at birth (male births per female births),SP.POP.BRTH.MF,,,1.056,,,,,1.056,,,,,1.057,,,,,1.053,,,,,1.052,,,,,1.05,,,1.053,,1.055,,,,,1.061,,,,,1.062,,,,,1.064,1.064,1.063,1.063,1.062,1.062,1.062,1.062,1.062,1.062,1.062
Tajikistan,TJK,Sex ratio at birth (male births per female births),SP.POP.BRTH.MF,,,1.05,,,,,1.05,,,,,1.05,,,,,1.05,,,,,1.05,,,,,1.05,,,1.053,,1.055,,,,,1.06,,,,,1.07,,,,,1.07,1.069,1.068,1.067,1.066,1.065,1.065,1.065,1.065,1.065,1.065
Turkmenistan,TKM,Sex ratio at birth (male births per female births),SP.POP.BRTH.MF,,,1.046,,,,,1.046,,,,,1.046,,,,,1.046,,,,,1.046,,,,,1.046,,,1.046,,1.046,,,,,1.046,,,,,1.046,,,,,1.046,1.046,1.046,1.046,1.046,1.046,1.046,1.046,1.046,1.046,1.046
Latin America & the Caribbean (IDA & IBRD countries),TLA,Sex ratio at birth (male births per female births),SP.POP.BRTH.MF,,,1.049121034,,,,,1.049160183,,,,,1.04915906,,,,,1.049123984,,,,,1.049143994,,,,,1.049131207,,,1.049118748,,1.049120475,,,,,1.049137749,,,,,1.049114135,,,,,1.04907053,1.049064028,1.049058777,1.049054588,1.049051251,1.04904827,1.049045407,1.04904229,1.049038892,1.049035112,
Timor-Leste,TLS,Sex ratio at birth (male births per female births),SP.POP.BRTH.MF,,,1.05,,,,,1.05,,,,,1.05,,,,,1.05,,,,,1.05,,,,,1.05,,,1.05,,1.05,,,,,1.05,,,,,1.05,,,,,1.05,1.05,1.05,1.05,1.05,1.05,1.05,1.05,1.05,1.05,1.05
Middle East & North Africa (IDA & IBRD countries),TMN,Sex ratio at birth (male births per female births),SP.POP.BRTH.MF,,,1.05381751,,,,,1.05393263,,,,,1.053941995,,,,,1.053829137,,,,,1.053737778,,,,,1.054207591,,,1.054518428,,1.054832824,,,,,1.053564165,,,,,1.056238608,,,,,1.057192479,1.057211565,1.057418903,1.057577755,1.057814763,1.057892094,1.057678599,1.05745166,1.056921189,1.056674076,
Tonga,TON,Sex ratio at birth (male births per female births),SP.POP.BRTH.MF,,,1.05,,,,,1.05,,,,,1.05,,,,,1.05,,,,,1.05,,,,,1.05,,,1.05,,1.05,,,,,1.05,,,,,1.05,,,,,1.05,1.05,1.05,1.05,1.05,1.05,1.05,1.05,1.05,1.05,1.05
South Asia (IDA & IBRD),TSA,Sex ratio at birth (male births per female births),SP.POP.BRTH.MF,,,1.058610471,,,,,1.058554355,,,,,1.058610098,,,,,1.058682868,,,,,1.062513251,,,,,1.066278958,,,1.0751805,,1.081084951,,,,,1.089894646,,,,,1.097645951,,,,,1.097566977,1.097567946,1.097551481,1.09768573,1.097648412,1.097612205,1.096864155,1.096834305,1.096131134,1.096141852,
Sub-Saharan Africa (IDA & IBRD countries),TSS,Sex ratio at birth (male births per female births),SP.POP.BRTH.MF,,,1.038087055,,,,,1.038007419,,,,,1.03795596,,,,,1.037738286,,,,,1.037676251,,,,,1.037567719,,,1.037546575,,1.037599865,,,,,1.037717988,,,,,1.037851387,,,,,1.038060096,1.038178902,1.038311922,1.038436286,1.038571369,1.038693893,1.038710784,1.038723933,1.038743581,1.038750253,
Trinidad and Tobago,TTO,Sex ratio at birth (male births per female births),SP.POP.BRTH.MF,,,1.038,,,,,1.038,,,,,1.038,,,,,1.038,,,,,1.038,,,,,1.038,,,1.038,,1.038,,,,,1.038,,,,,1.038,,,,,1.038,1.038,1.038,1.038,1.038,1.038,1.038,1.038,1.038,1.038,1.038
Tunisia,TUN,Sex ratio at birth (male births per female births),SP.POP.BRTH.MF,,,1.05,,,,,1.05,,,,,1.05,,,,,1.05,,,,,1.05,,,,,1.05,,,1.05,,1.05,,,,,1.05,,,,,1.05,,,,,1.05,1.05,1.05,1.05,1.05,1.05,1.05,1.05,1.05,1.05,1.05
Turkey,TUR,Sex ratio at birth (male births per female births),SP.POP.BRTH.MF,,,1.05,,,,,1.05,,,,,1.05,,,,,1.05,,,,,1.05,,,,,1.05,,,1.05,,1.05,,,,,1.05,,,,,1.05,,,,,1.05,1.05,1.05,1.05,1.05,1.05,1.05,1.05,1.05,1.05,1.05
Tuvalu,TUV,Sex ratio at birth (male births per female births),SP.POP.BRTH.MF,,,,,,,,,,,,,,,,,,,,,,,,,,,,,,,,,,,,,,,,,,,,,,,,,,,,,,,,,,
Tanzania,TZA,Sex ratio at birth (male births per female births),SP.POP.BRTH.MF,,,1.03,,,,,1.03,,,,,1.03,,,,,1.03,,,,,1.03,,,,,1.03,,,1.03,,1.03,,,,,1.03,,,,,1.03,,,,,1.03,1.03,1.03,1.03,1.03,1.03,1.03,1.03,1.03,1.03,1.03
Uganda,UGA,Sex ratio at birth (male births per female births),SP.POP.BRTH.MF,,,1.03,,,,,1.03,,,,,1.03,,,,,1.03,,,,,1.03,,,,,1.03,,,1.03,,1.03,,,,,1.03,,,,,1.03,,,,,1.03,1.03,1.03,1.03,1.03,1.03,1.03,1.03,1.03,1.03,1.03
Ukraine,UKR,Sex ratio at birth (male births per female births),SP.POP.BRTH.MF,,,1.063,,,,,1.059,,,,,1.054,,,,,1.052,,,,,1.054,,,,,1.057,,,1.058,,1.059,,,,,1.064,,,,,1.064,,,,,1.063,1.064,1.064,1.065,1.065,1.066,1.065,1.064,1.064,1.063,1.062
Upper middle income,UMC,Sex ratio at birth (male births per female births),SP.POP.BRTH.MF,,,1.062223873,,,,,1.062056522,,,,,1.061775546,,,,,1.05959653,,,,,1.060332423,,,,,1.066324785,,,1.079187635,,1.086414971,,,,,1.096900869,,,,,1.102360208,,,,,1.10605245,1.10508951,1.104126515,1.102699086,1.101915822,1.101272648,1.100333337,1.100037495,1.098631714,1.097801428,
Uruguay,URY,Sex ratio at birth (male births per female births),SP.POP.BRTH.MF,,,1.05,,,,,1.05,,,,,1.05,,,,,1.05,,,,,1.05,,,,,1.05,,,1.05,,1.05,,,,,1.05,,,,,1.05,,,,,1.05,1.05,1.05,1.05,1.05,1.05,1.05,1.05,1.05,1.05,1.05
United States,USA,Sex ratio at birth (male births per female births),SP.POP.BRTH.MF,,,1.05,,,,,1.052,,,,,1.053,,,,,1.052,,,,,1.051,,,,,1.05,,,1.049,,1.049,,,,,1.048,,,,,1.048,,,,,1.048,1.048,1.048,1.048,1.048,1.048,1.048,1.048,1.048,1.048,1.048
Uzbekistan,UZB,Sex ratio at birth (male births per female births),SP.POP.BRTH.MF,,,1.05,,,,,1.05,,,,,1.05,,,,,1.05,,,,,1.05,,,,,1.05,,,1.061,,1.069,,,,,1.061,,,,,1.064,,,,,1.067,1.07,1.073,1.075,1.078,1.081,1.081,1.081,1.081,1.081,1.081
St. Vincent and the Grenadines,VCT,Sex ratio at birth (male births per female births),SP.POP.BRTH.MF,,,1.03,,,,,1.03,,,,,1.03,,,,,1.03,,,,,1.03,,,,,1.03,,,1.03,,1.03,,,,,1.03,,,,,1.03,,,,,1.03,1.03,1.03,1.03,1.03,1.03,1.03,1.03,1.03,1.03,1.03
"Venezuela, RB",VEN,Sex ratio at birth (male births per female births),SP.POP.BRTH.MF,,,1.05,,,,,1.05,,,,,1.05,,,,,1.05,,,,,1.05,,,,,1.05,,,1.05,,1.05,,,,,1.05,,,,,1.05,,,,,1.05,1.05,1.05,1.05,1.05,1.05,1.05,1.05,1.05,1.05,1.05
British Virgin Islands,VGB,Sex ratio at birth (male births per female births),SP.POP.BRTH.MF,,,,,,,,,,,,,,,,,,,,,,,,,,,,,,,,,,,,,,,,,,,,,,,,,,,,,,,,,,
Virgin Islands (U.S.),VIR,Sex ratio at birth (male births per female births),SP.POP.BRTH.MF,,,1.06,,,,,1.06,,,,,1.06,,,,,1.06,,,,,1.06,,,,,1.06,,,1.06,,1.06,,,,,1.06,,,,,1.06,,,,,1.06,1.06,1.06,1.06,1.06,1.06,1.06,1.06,1.06,1.06,1.06
Vietnam,VNM,Sex ratio at birth (male births per female births),SP.POP.BRTH.MF,,,1.05,,,,,1.05,,,,,1.05,,,,,1.05,,,,,1.05,,,,,1.05,,,1.056,,1.06,,,,,1.064,,,,,1.068,,,,,1.103,1.106,1.11,1.113,1.117,1.12,1.115,1.111,1.106,1.102,1.097
Vanuatu,VUT,Sex ratio at birth (male births per female births),SP.POP.BRTH.MF,,,1.07,,,,,1.07,,,,,1.07,,,,,1.07,,,,,1.07,,,,,1.07,,,1.07,,1.07,,,,,1.07,,,,,1.07,,,,,1.07,1.07,1.07,1.07,1.07,1.07,1.069,1.068,1.067,1.066,1.065
World,WLD,Sex ratio at birth (male births per female births),SP.POP.BRTH.MF,,,1.056643585,,,,,1.056453943,,,,,1.056105353,,,,,1.054687647,,,,,1.055925329,,,,,1.059167408,,,1.065686153,,1.069303397,,,,,1.074049534,,,,,1.076273441,,,,,1.076412445,1.076070926,1.075746575,1.075262339,1.07499471,1.074795342,1.074145498,1.073912743,1.073068739,1.072619037,
Samoa,WSM,Sex ratio at birth (male births per female births),SP.POP.BRTH.MF,,,1.08,,,,,1.08,,,,,1.08,,,,,1.08,,,,,1.08,,,,,1.08,,,1.08,,1.08,,,,,1.08,,,,,1.08,,,,,1.08,1.08,1.08,1.08,1.08,1.08,1.08,1.08,1.08,1.08,1.08
Kosovo,XKX,Sex ratio at birth (male births per female births),SP.POP.BRTH.MF,,,,,,,,,,,,,,,,,,,,,,,,,,,,,,,,,,,,,,,,,,,,,,,,,,,,,,,,,,
"Yemen, Rep.",YEM,Sex ratio at birth (male births per female births),SP.POP.BRTH.MF,,,1.05,,,,,1.05,,,,,1.05,,,,,1.05,,,,,1.05,,,,,1.05,,,1.05,,1.05,,,,,1.05,,,,,1.05,,,,,1.05,1.05,1.05,1.05,1.05,1.05,1.05,1.05,1.05,1.05,1.05
South Africa,ZAF,Sex ratio at birth (male births per female births),SP.POP.BRTH.MF,,,1.03,,,,,1.03,,,,,1.03,,,,,1.03,,,,,1.03,,,,,1.03,,,1.03,,1.03,,,,,1.03,,,,,1.03,,,,,1.03,1.03,1.03,1.03,1.03,1.03,1.03,1.03,1.03,1.03,1.03
Zambia,ZMB,Sex ratio at birth (male births per female births),SP.POP.BRTH.MF,,,1.03,,,,,1.03,,,,,1.03,,,,,1.03,,,,,1.03,,,,,1.03,,,1.03,,1.03,,,,,1.03,,,,,1.03,,,,,1.03,1.03,1.03,1.03,1.03,1.03,1.03,1.03,1.03,1.03,1.03
Zimbabwe,ZWE,Sex ratio at birth (male births per female births),SP.POP.BRTH.MF,,,1.03,,,,,1.03,,,,,1.03,,,,,1.02,,,,,1.02,,,,,1.02,,,1.02,,1.02,,,,,1.02,,,,,1.02,,,,,1.02,1.02,1.02,1.02,1.02,1.02,1.02,1.02,1.02,1.02,1.02